aX,aY,aZ,gX,gY,gZ
-0.447,-0.510,2.093,73.608,310.608,-33.997
-0.649,-0.477,2.173,75.134,291.809,-33.997
-0.728,-0.482,2.252,89.722,268.311,-37.476
-0.810,-0.337,2.263,94.849,242.371,-36.133
-0.879,-0.230,2.238,97.900,218.445,-28.625
-0.898,-0.160,2.175,97.046,199.402,-20.447
-0.947,-0.167,2.103,89.783,184.387,-16.602
-1.046,-0.183,2.043,81.848,171.814,-24.231
-1.113,-0.152,1.977,73.425,161.072,-44.373
-1.118,-0.146,1.911,62.683,150.146,-70.557
-1.149,-0.162,1.803,51.086,138.123,-94.299
-1.146,-0.221,1.693,44.617,126.526,-110.046
-1.159,-0.254,1.581,44.434,116.760,-113.892
-1.213,-0.231,1.495,50.171,107.971,-107.666
-1.271,-0.181,1.436,56.885,100.403,-96.802
-1.347,-0.128,1.395,61.279,93.506,-88.501
-1.417,-0.073,1.370,62.988,87.585,-85.754
-1.481,-0.024,1.357,62.744,82.642,-85.205
-1.561,0.008,1.360,62.073,76.599,-83.069
-1.648,0.035,1.370,62.683,68.115,-80.017
-1.748,0.067,1.389,64.636,56.396,-75.806
-1.821,0.103,1.436,65.857,42.542,-70.068
-1.858,0.219,1.451,62.500,28.931,-61.768
-1.904,0.279,1.445,56.885,12.024,-53.955
-1.946,0.251,1.416,52.490,-7.812,-55.054
-1.939,0.193,1.375,46.570,-27.161,-60.486
-1.917,0.138,1.325,42.358,-43.945,-64.331
-1.875,0.121,1.284,40.222,-58.411,-65.857
-1.796,0.145,1.253,39.429,-71.167,-67.139
-1.720,0.164,1.226,38.147,-82.886,-65.186
-1.670,0.165,1.203,36.743,-95.337,-59.937
-1.613,0.131,1.176,35.522,-106.812,-50.903
-1.548,0.095,1.143,33.142,-117.920,-41.992
-1.480,0.072,1.120,32.349,-128.357,-35.339
-1.418,0.062,1.073,31.067,-137.878,-28.137
-1.339,0.055,1.035,27.893,-145.996,-23.437
-1.272,0.060,1.000,24.963,-152.710,-21.729
-1.209,0.046,0.979,21.118,-157.898,-20.691
-1.125,0.061,0.965,18.127,-160.828,-18.616
-1.065,0.100,0.950,16.663,-162.354,-17.273
-1.032,0.123,0.940,15.381,-163.269,-16.724
-1.010,0.115,0.938,12.207,-163.635,-14.526
-1.001,0.115,0.930,9.644,-163.818,-11.902
-0.964,0.108,0.912,7.385,-164.673,-7.690
-0.909,0.099,0.883,3.662,-166.748,-3.418
-0.856,0.083,0.853,1.343,-169.189,1.526
-0.785,0.063,0.817,2.075,-169.739,8.240
-0.739,0.054,0.785,3.540,-169.739,15.442
-0.666,0.053,0.735,3.601,-168.762,23.743
-0.615,0.056,0.683,2.808,-167.175,29.297
-0.557,0.065,0.636,0.610,-163.940,30.090
-0.505,0.056,0.592,-3.296,-159.729,28.076
-0.452,0.036,0.556,-7.324,-154.419,23.132
-0.380,0.025,0.539,-12.451,-147.400,17.456
-0.302,0.009,0.515,-17.395,-140.076,12.085
-0.262,0.001,0.486,-19.836,-134.155,5.188
-0.184,-0.017,0.453,-21.790,-126.282,-0.916
-0.073,-0.019,0.439,-24.902,-117.798,-4.517
-0.010,-0.021,0.403,-24.963,-109.741,-8.240
0.075,-0.028,0.370,-22.827,-101.257,-14.526
0.164,-0.033,0.332,-24.292,-92.651,-22.949
0.259,-0.025,0.290,-27.466,-82.458,-33.386
0.332,-0.014,0.250,-29.968,-70.557,-47.119
0.414,0.029,0.205,-33.997,-54.321,-61.035
0.461,0.066,0.165,-37.354,-35.889,-74.646
0.495,0.065,0.129,-39.001,-17.090,-85.266
0.525,0.058,0.106,-40.833,1.099,-93.262
0.549,0.051,0.112,-43.091,19.348,-100.342
0.540,0.074,0.149,-45.532,36.743,-106.628
0.483,0.098,0.187,-47.119,52.795,-110.596
0.462,0.117,0.225,-49.805,67.017,-110.291
0.466,0.147,0.251,-52.795,79.285,-108.704
0.464,0.180,0.261,-53.772,89.539,-106.873
0.511,0.180,0.300,-52.734,99.854,-105.713
0.564,0.234,0.339,-52.795,110.840,-103.271
0.627,0.348,0.381,-52.429,124.512,-98.755
0.718,0.491,0.430,-51.758,142.395,-92.834
0.780,0.688,0.468,-52.307,161.743,-87.036
0.807,0.867,0.524,-51.392,179.077,-79.163
0.782,0.967,0.608,-50.720,191.528,-62.012
0.689,0.890,0.713,-52.185,199.158,-30.151
0.495,0.678,0.836,-56.030,205.078,14.526
0.214,0.304,0.973,-60.608,209.106,62.195
-0.146,-0.082,1.159,-62.866,210.083,97.961
-0.521,-0.342,1.330,-61.890,212.646,122.864
-0.892,-0.510,1.469,-58.960,215.393,139.282
-1.269,-0.602,1.573,-59.143,217.468,146.729
-1.643,-0.748,1.703,-60.120,215.759,145.996
-2.038,-0.952,1.839,-60.425,207.458,139.832
-2.351,-1.113,1.917,-59.753,192.627,130.615
-2.448,-1.106,1.918,-56.519,174.255,116.394
-2.441,-0.962,1.848,-49.500,153.870,93.201
-2.320,-0.712,1.750,-43.274,135.193,62.439
-2.186,-0.445,1.648,-43.823,120.239,30.396
-2.118,-0.344,1.558,-49.500,104.431,3.967
-2.098,-0.395,1.494,-56.213,86.365,-9.644
-2.090,-0.494,1.430,-56.763,67.200,-8.118
-2.031,-0.524,1.362,-49.316,48.523,2.441
-1.908,-0.477,1.286,-40.161,31.128,15.869
-1.787,-0.411,1.209,-33.142,16.907,24.353
-1.644,-0.324,1.130,-31.311,7.324,22.949
-1.485,-0.270,1.051,-32.104,1.343,14.771
-1.333,-0.254,0.983,-32.715,-2.625,7.507
-1.208,-0.295,0.937,-31.128,-6.287,6.226
-1.133,-0.303,0.868,-27.039,-11.719,12.024
-1.036,-0.309,0.808,-19.531,-15.686,21.729
-0.953,-0.296,0.748,-11.108,-18.982,30.212
-0.871,-0.268,0.696,-6.714,-21.118,34.180
-0.792,-0.249,0.652,-4.761,-22.400,32.349
-0.747,-0.245,0.618,-3.235,-22.827,25.513
-0.664,-0.231,0.615,-1.404,-21.423,18.555
-0.631,-0.143,0.609,-2.930,-19.287,15.015
-0.606,-0.115,0.625,-2.563,-17.029,11.719
-0.579,-0.110,0.645,-2.136,-14.648,7.751
-0.568,-0.106,0.676,-1.648,-12.451,5.005
-0.568,-0.093,0.712,-0.183,-10.559,3.601
-0.580,-0.064,0.739,0.732,-9.277,2.441
-0.586,-0.041,0.745,1.221,-7.996,0.610
-0.594,-0.035,0.742,1.282,-7.324,-1.770
1.354,-1.206,-0.420,43.213,74.646,-5.432
1.495,-1.243,-0.346,62.073,127.563,-16.052
1.521,-1.217,-0.171,86.182,188.904,-22.461
1.508,-1.187,0.135,112.793,250.732,-28.748
1.473,-1.057,0.528,135.193,309.448,-35.828
1.304,-0.794,1.087,148.376,359.253,-41.870
0.945,-0.509,1.605,145.874,394.836,-46.265
0.510,-0.354,1.993,128.479,404.968,-57.434
0.191,-0.298,2.322,100.037,389.771,-67.444
-0.159,-0.295,2.515,79.956,357.300,-72.327
-0.452,-0.376,2.615,80.872,314.819,-69.885
-0.630,-0.406,2.672,92.834,273.926,-50.659
-0.800,-0.333,2.695,108.154,241.821,-14.526
-1.010,-0.203,2.698,119.934,217.529,22.034
-1.232,-0.054,2.661,119.751,200.317,43.030
-1.492,0.019,2.617,107.544,184.753,36.438
-1.752,-0.005,2.556,84.534,167.603,-0.549
-1.861,-0.078,2.478,56.274,147.339,-60.730
-1.904,-0.160,2.327,36.072,122.742,-120.117
-1.965,-0.192,2.115,25.146,96.802,-151.062
-1.938,-0.156,1.908,26.184,71.716,-153.442
-1.938,-0.093,1.752,38.391,48.401,-137.817
-1.941,0.024,1.633,50.171,29.663,-118.286
-1.916,0.137,1.533,56.824,15.320,-105.286
-1.911,0.208,1.451,57.129,2.747,-98.450
-1.904,0.236,1.394,53.284,-7.629,-93.750
-1.903,0.268,1.346,48.523,-18.250,-89.661
-1.908,0.313,1.314,46.021,-29.480,-85.022
-1.896,0.365,1.294,46.692,-40.833,-79.285
-1.869,0.417,1.278,45.593,-52.917,-73.120
-1.837,0.421,1.260,42.175,-66.162,-69.275
-1.784,0.396,1.246,36.804,-79.224,-68.665
-1.725,0.361,1.232,30.518,-91.248,-69.092
-1.637,0.339,1.201,24.536,-102.783,-66.101
-1.522,0.318,1.159,20.142,-113.953,-60.120
-1.421,0.293,1.115,16.724,-123.291,-53.833
-1.333,0.292,1.078,13.123,-130.188,-48.706
-1.268,0.300,1.042,9.216,-134.949,-44.006
-1.203,0.305,1.007,3.784,-139.160,-40.039
-1.140,0.298,0.975,-2.441,-142.456,-36.926
-1.080,0.269,0.939,-7.996,-145.752,-33.325
-1.016,0.229,0.906,-11.597,-149.292,-27.283
-0.948,0.197,0.878,-12.329,-152.161,-18.005
-0.895,0.186,0.855,-12.512,-153.137,-8.667
-0.858,0.188,0.833,-13.855,-152.344,-3.601
-0.820,0.171,0.815,-16.663,-149.780,-1.587
-0.774,0.162,0.787,-20.569,-146.240,-1.404
-0.715,0.157,0.767,-23.804,-142.151,-0.671
-0.675,0.160,0.742,-26.306,-136.841,2.808
-0.645,0.117,0.725,-27.893,-132.507,6.775
-0.616,0.050,0.714,-27.283,-130.005,10.681
-0.599,0.012,0.696,-25.146,-127.747,15.320
-0.577,0.001,0.675,-23.987,-125.549,19.836
-0.549,-0.007,0.641,-24.048,-123.596,21.729
-0.506,-0.026,0.605,-25.574,-121.887,20.264
-0.457,-0.033,0.558,-27.527,-119.629,18.555
-0.399,-0.035,0.503,-29.358,-116.394,18.372
-0.351,-0.040,0.447,-30.396,-112.366,17.944
-0.307,-0.051,0.401,-31.311,-106.873,18.677
-0.247,-0.077,0.375,-32.104,-100.525,21.545
-0.234,-0.098,0.329,-33.447,-94.849,25.452
-0.225,-0.108,0.304,-34.546,-88.318,28.687
-0.190,-0.124,0.285,-33.020,-79.529,29.602
-0.186,-0.117,0.282,-32.654,-71.716,27.283
-0.185,-0.101,0.284,-32.776,-63.660,22.766
-0.154,-0.079,0.290,-34.485,-54.993,17.334
-0.146,-0.038,0.299,-37.476,-46.631,11.841
-0.150,-0.019,0.307,-41.992,-39.124,6.531
-0.140,-0.027,0.304,-46.265,-32.776,2.197
-0.120,-0.068,0.292,-48.401,-27.466,0.122
-0.113,-0.120,0.284,-49.316,-22.278,0.000
-0.102,-0.142,0.277,-47.974,-16.907,-1.038
-0.134,-0.189,0.280,-43.396,-11.597,-4.639
-0.133,-0.186,0.272,-45.166,-4.700,-8.850
-0.105,-0.196,0.260,-47.241,3.418,-12.390
-0.098,-0.192,0.255,-47.974,12.207,-17.334
-0.054,-0.164,0.258,-48.584,22.888,-24.292
-0.055,-0.124,0.276,-48.340,34.912,-29.785
-0.053,-0.062,0.311,-47.913,47.791,-32.654
-0.050,0.002,0.360,-49.194,60.669,-33.997
-0.071,0.077,0.421,-52.368,71.899,-34.790
-0.126,0.123,0.472,-56.946,79.590,-34.912
-0.165,0.140,0.508,-63.110,83.496,-36.011
-0.159,0.122,0.514,-69.275,85.205,-37.842
-0.106,0.118,0.496,-72.754,86.304,-39.490
-0.068,0.135,0.470,-70.984,88.806,-41.748
0.010,0.224,0.443,-69.092,94.727,-41.870
0.058,0.297,0.423,-64.819,101.929,-41.504
0.108,0.380,0.391,-62.561,109.741,-40.100
0.157,0.458,0.371,-65.735,119.324,-34.912
0.150,0.455,0.378,-70.740,129.150,-26.978
0.049,0.366,0.405,-78.430,138.062,-16.418
-0.041,0.209,0.453,-86.243,147.583,-4.456
-0.163,-0.002,0.534,-87.036,156.555,6.226
-0.364,-0.172,0.665,-79.651,164.917,16.602
-0.616,-0.207,0.848,-70.251,172.119,28.198
-0.877,-0.190,1.046,-63.538,175.781,39.307
-1.129,-0.188,1.209,-61.768,171.997,45.227
-1.374,-0.194,1.322,-63.843,161.926,47.119
-1.600,-0.241,1.391,-67.200,148.560,49.805
-1.761,-0.368,1.442,-67.078,131.897,53.589
-1.885,-0.504,1.488,-62.317,115.784,57.800
-1.979,-0.568,1.522,-55.847,103.210,59.814
-2.013,-0.552,1.536,-50.354,93.628,53.955
-2.019,-0.495,1.523,-48.584,86.670,40.466
-1.986,-0.435,1.517,-49.316,80.200,21.790
-1.897,-0.344,1.508,-50.476,73.486,4.578
-1.755,-0.229,1.523,-50.049,66.406,-5.066
-1.799,-0.135,1.477,-49.377,53.833,-9.277
-1.624,-0.151,1.423,-45.654,43.091,-8.972
-1.569,-0.197,1.305,-42.175,29.419,10.864
-1.527,-0.335,1.188,-35.706,13.855,37.048
-1.466,-0.435,1.075,-27.100,-0.061,57.373
-1.375,-0.492,0.942,-20.020,-10.742,68.115
-1.238,-0.525,0.837,-15.686,-18.127,67.261
-1.125,-0.549,0.747,-12.024,-21.606,56.274
-0.997,-0.500,0.677,-9.521,-21.545,43.091
-0.882,-0.487,0.650,-3.906,-20.630,31.738
-0.826,-0.381,0.617,-2.136,-18.921,23.621
1.089,-0.997,0.748,121.643,280.457,-18.555
0.912,-0.781,1.214,130.615,321.899,-15.930
0.535,-0.509,1.625,122.253,350.647,-13.733
0.168,-0.393,1.967,102.966,361.328,-26.672
-0.097,-0.312,2.233,72.449,349.243,-49.988
-0.413,-0.259,2.337,48.340,316.772,-68.970
-0.672,-0.270,2.365,44.495,272.339,-76.416
-0.844,-0.279,2.337,51.331,228.943,-65.918
-1.028,-0.248,2.280,60.669,191.833,-41.138
-1.221,-0.175,2.224,69.519,163.879,-17.700
-1.394,-0.067,2.200,72.266,148.193,-9.705
-1.615,0.019,2.245,62.439,138.062,-27.527
-1.882,0.048,2.302,40.222,127.014,-65.796
-2.088,-0.010,2.280,15.869,111.816,-106.812
-2.233,-0.094,2.174,1.343,90.759,-137.939
-2.271,-0.099,2.015,1.343,64.026,-151.733
-2.208,-0.006,1.835,11.963,35.156,-148.254
-2.118,0.129,1.661,25.940,7.446,-133.301
-2.032,0.262,1.485,36.499,-14.648,-111.816
-1.960,0.320,1.313,40.894,-31.494,-89.844
-1.876,0.287,1.160,40.527,-43.457,-73.425
-1.853,0.216,1.038,39.124,-51.697,-60.974
-1.888,0.141,0.964,39.856,-58.105,-50.415
-1.889,0.141,0.934,43.579,-60.791,-43.274
-1.879,0.187,0.923,45.288,-63.232,-41.321
-1.858,0.269,0.928,44.495,-65.735,-44.617
-1.823,0.364,0.943,40.283,-70.862,-49.927
-1.774,0.368,0.958,34.241,-80.627,-51.086
-1.696,0.340,0.951,28.259,-91.980,-44.250
-1.628,0.307,0.936,24.292,-103.394,-31.128
-1.542,0.290,0.926,21.606,-114.075,-18.127
-1.468,0.275,0.913,18.799,-123.596,-8.362
-1.396,0.262,0.893,14.526,-131.165,-3.113
-1.309,0.237,0.850,9.094,-136.108,0.366
-1.230,0.160,0.812,4.517,-140.381,4.028
-1.164,0.104,0.770,3.723,-143.921,8.423
-1.109,0.070,0.743,6.836,-145.935,12.756
-1.035,0.082,0.708,8.667,-145.874,17.578
-0.963,0.082,0.690,10.071,-144.470,21.790
-0.909,0.067,0.684,10.132,-142.944,25.146
-0.827,0.083,0.671,8.118,-140.991,28.687
-0.762,0.067,0.654,5.737,-139.832,30.212
-0.684,0.064,0.635,2.686,-137.573,29.114
-0.618,0.057,0.616,0.244,-133.423,28.198
-0.568,0.039,0.611,-0.977,-129.639,27.222
-0.505,0.042,0.613,-1.892,-124.939,26.306
-0.456,0.037,0.619,-2.502,-120.117,24.902
-0.396,0.016,0.634,-4.150,-115.723,22.400
-0.357,0.013,0.615,-7.446,-111.694,19.836
-0.282,0.005,0.601,-9.460,-105.957,16.541
-0.213,0.022,0.577,-10.986,-98.755,12.695
-0.154,0.020,0.549,-13.916,-92.285,9.277
-0.090,-0.003,0.512,-18.311,-85.876,6.287
-0.029,-0.040,0.474,-22.339,-79.224,2.441
0.016,-0.067,0.440,-24.353,-71.472,-1.831
0.052,-0.060,0.407,-25.024,-62.500,-6.714
0.090,-0.032,0.391,-26.917,-52.856,-12.695
0.104,0.004,0.376,-30.396,-42.725,-21.545
0.129,0.009,0.379,-35.828,-31.982,-31.189
0.140,-0.034,0.384,-42.175,-20.874,-40.161
0.133,-0.089,0.387,-47.729,-9.949,-47.974
0.114,-0.118,0.384,-52.246,-0.671,-54.199
0.115,-0.120,0.367,-56.274,9.521,-59.387
0.093,-0.122,0.349,-60.303,19.653,-67.871
0.088,-0.112,0.320,-65.979,29.236,-77.454
0.099,-0.104,0.288,-70.251,38.574,-86.853
0.118,-0.080,0.257,-71.533,46.509,-93.994
0.166,-0.035,0.240,-69.824,54.077,-96.191
0.231,0.040,0.224,-67.444,62.744,-92.651
0.288,0.126,0.216,-67.139,73.364,-86.609
0.331,0.218,0.239,-70.251,86.792,-82.458
0.361,0.292,0.275,-76.660,103.210,-81.848
0.406,0.350,0.310,-84.351,120.544,-84.900
0.399,0.394,0.334,-90.027,138.184,-89.600
0.408,0.470,0.373,-93.567,154.968,-92.102
0.391,0.506,0.448,-92.712,167.969,-84.412
0.330,0.486,0.583,-87.830,175.537,-59.082
0.185,0.434,0.753,-79.956,177.917,-19.592
-0.033,0.307,0.909,-72.510,175.415,22.705
-0.215,0.173,1.038,-68.054,172.607,55.908
-0.417,0.020,1.138,-68.176,169.678,78.186
-0.655,-0.153,1.212,-69.458,167.664,93.750
-0.935,-0.347,1.307,-66.711,166.077,105.469
-1.252,-0.515,1.403,-60.852,162.842,113.892
-1.523,-0.581,1.469,-55.542,159.363,116.333
-1.756,-0.679,1.531,-45.654,152.832,108.643
-1.951,-0.702,1.551,-37.354,142.212,96.008
-2.107,-0.729,1.556,-31.616,129.150,81.970
-2.224,-0.751,1.557,-24.963,115.051,64.758
-2.276,-0.714,1.552,-18.799,100.159,44.556
-2.256,-0.614,1.536,-14.465,84.534,24.719
-2.171,-0.505,1.478,-14.526,67.444,7.507
-2.019,-0.395,1.397,-16.296,50.415,-6.775
-1.914,-0.323,1.312,-14.832,35.400,-19.165
-1.778,-0.212,1.241,-14.038,23.621,-27.893
-1.614,-0.120,1.155,-16.052,15.381,-27.588
-1.514,-0.112,1.080,-15.686,6.897,-19.348
-1.432,-0.161,1.022,-13.489,-1.404,-5.859
-1.354,-0.213,0.972,-8.484,-8.606,9.277
-1.260,-0.208,0.915,-3.113,-14.404,22.949
-1.157,-0.231,0.872,0.183,-19.775,31.128
-1.047,-0.225,0.814,0.671,-24.597,34.119
-0.979,-0.251,0.766,2.686,-28.137,32.349
-0.867,-0.202,0.731,4.700,-28.625,27.527
-0.773,-0.150,0.702,6.226,-28.503,20.813
-0.706,-0.142,0.679,8.179,-28.259,15.442
-0.645,-0.111,0.659,5.615,-26.428,11.963
-0.600,-0.072,0.661,5.127,-23.743,9.033
-0.564,-0.038,0.671,7.263,-20.935,7.629
-0.533,-0.007,0.687,7.507,-17.822,6.409
-0.528,0.009,0.697,6.409,-14.893,4.639
-0.534,0.010,0.708,4.456,-13.000,1.587
-0.531,0.014,0.715,3.723,-11.414,-0.610
-0.522,0.022,0.709,3.723,-10.437,-1.099
-0.524,0.016,0.695,3.662,-9.766,-0.122
-0.527,0.007,0.684,4.028,-8.484,0.549
-0.530,0.001,0.677,4.639,-6.531,0.793
-0.543,0.004,0.676,5.615,-4.395,1.099
-0.561,0.018,0.683,5.615,-2.136,1.343
-1.052,-0.252,1.473,53.833,142.334,-32.104
-1.243,-0.243,1.521,54.260,139.038,-36.438
-1.435,-0.251,1.603,51.270,134.644,-43.762
-1.690,-0.259,1.693,49.744,126.831,-52.429
-1.862,-0.225,1.813,51.392,119.202,-63.293
-2.015,-0.131,1.864,50.476,106.323,-74.585
-2.125,-0.044,1.849,44.006,85.266,-84.473
-2.125,0.020,1.760,38.086,61.279,-90.088
-2.119,0.010,1.645,40.527,34.851,-90.698
-2.087,0.022,1.517,45.837,10.925,-82.642
-2.049,0.010,1.390,50.781,-9.399,-68.176
-2.003,-0.012,1.274,55.237,-26.855,-53.223
-1.972,-0.020,1.159,58.289,-40.588,-41.626
-1.928,-0.026,1.068,58.838,-51.392,-38.025
-1.888,-0.024,1.005,57.800,-59.937,-39.856
-1.848,-0.035,0.979,57.678,-67.566,-40.222
-1.806,-0.014,0.978,58.594,-74.829,-36.804
-1.755,0.039,0.984,59.387,-81.665,-29.480
-1.707,0.110,1.001,59.326,-89.539,-20.508
-1.668,0.159,0.999,57.373,-98.206,-12.207
-1.623,0.169,0.977,54.016,-108.704,-6.165
-1.549,0.148,0.940,50.232,-119.568,-2.747
-1.443,0.133,0.897,47.791,-128.540,1.160
-1.343,0.138,0.846,45.349,-135.559,5.066
-1.236,0.158,0.802,42.480,-139.404,7.141
-1.143,0.185,0.763,37.842,-141.296,8.850
-1.085,0.194,0.726,31.799,-142.578,11.658
-1.024,0.147,0.714,29.358,-142.456,14.648
-0.983,0.103,0.713,28.809,-141.846,18.982
-0.945,0.089,0.707,29.114,-141.357,23.987
-0.891,0.088,0.694,29.175,-141.174,27.405
-0.842,0.104,0.680,27.405,-140.625,29.297
-0.768,0.117,0.652,23.682,-140.320,30.396
-0.708,0.081,0.619,19.226,-141.052,29.968
-0.621,0.058,0.591,14.099,-140.869,28.076
-0.578,0.047,0.559,8.606,-140.503,27.527
-0.492,0.036,0.536,6.287,-137.756,27.771
-0.438,0.021,0.518,5.371,-134.583,25.635
-0.374,0.016,0.504,3.479,-131.348,21.362
-0.323,0.020,0.485,0.854,-126.465,16.541
-0.253,0.033,0.455,-3.174,-119.446,11.902
-0.173,0.033,0.436,-8.240,-111.084,6.165
-0.122,0.007,0.415,-10.742,-101.807,1.282
-0.081,-0.015,0.404,-11.353,-92.224,-2.136
-0.044,-0.027,0.394,-11.047,-82.275,-3.357
-0.004,-0.047,0.373,-10.986,-72.205,-5.188
0.039,-0.053,0.344,-11.902,-62.378,-10.681
0.096,-0.031,0.313,-14.282,-52.063,-19.592
0.155,0.003,0.273,-18.555,-40.466,-30.457
0.217,0.035,0.241,-24.475,-27.283,-42.908
0.245,0.046,0.224,-30.762,-12.268,-56.213
0.245,0.030,0.223,-37.354,2.747,-70.435
0.227,0.021,0.234,-43.640,18.982,-84.473
0.210,0.024,0.246,-49.927,35.339,-96.680
0.189,0.053,0.256,-55.298,50.598,-109.436
0.202,0.094,0.253,-60.608,64.758,-123.352
0.253,0.162,0.244,-67.139,78.064,-135.986
0.323,0.234,0.224,-73.853,91.370,-147.217
0.423,0.304,0.212,-79.407,105.103,-157.288
0.509,0.342,0.219,-81.116,119.385,-165.771
0.604,0.411,0.204,-83.130,135.681,-170.715
0.708,0.467,0.183,-84.412,152.771,-173.340
0.835,0.537,0.160,-80.444,170.715,-172.485
0.956,0.666,0.186,-70.068,189.514,-163.269
1.036,0.916,0.333,-60.730,208.374,-139.465
0.917,1.138,0.518,-61.279,223.267,-98.755
0.752,1.121,0.823,-73.364,234.131,-49.377
0.569,0.914,1.133,-93.323,242.615,-6.714
0.265,0.584,1.364,-112.549,243.164,24.170
-0.142,0.147,1.588,-120.422,237.549,46.082
-0.594,-0.230,1.771,-115.295,228.210,67.078
-1.065,-0.558,1.944,-95.703,213.318,97.107
-1.578,-0.837,2.077,-72.876,192.017,135.986
-2.003,-1.012,2.118,-57.251,167.603,171.570
-2.226,-1.067,2.104,-47.424,143.738,183.411
-2.266,-1.007,2.023,-39.795,125.122,171.509
-2.190,-0.876,1.907,-35.522,112.122,146.423
-2.132,-0.743,1.780,-35.400,101.868,115.601
-2.109,-0.684,1.694,-37.048,93.384,81.116
-2.128,-0.706,1.648,-42.725,83.313,47.119
-2.130,-0.748,1.584,-48.523,71.716,22.949
-2.112,-0.795,1.513,-47.241,58.044,10.681
-2.024,-0.717,1.427,-40.283,44.006,8.972
-1.883,-0.582,1.351,-30.823,30.518,14.404
-1.744,-0.453,1.270,-21.851,15.442,19.592
-1.609,-0.391,1.183,-14.099,1.343,19.897
-1.481,-0.364,1.109,-8.911,-9.705,17.212
-1.346,-0.309,1.003,-12.085,-16.968,18.921
-1.187,-0.304,0.926,-9.338,-20.142,21.729
-1.069,-0.282,0.851,-3.906,-22.095,26.184
-0.962,-0.245,0.792,1.099,-23.621,32.166
-0.863,-0.226,0.736,7.080,-24.719,35.522
-0.792,-0.199,0.683,10.559,-24.536,35.461
-0.730,-0.139,0.647,10.132,-22.644,30.701
-0.678,-0.082,0.630,7.996,-19.592,21.301
-0.647,-0.064,0.622,4.639,-16.968,10.193
-0.596,-0.067,0.629,1.526,-14.771,0.427
-0.572,-0.052,0.648,1.221,-12.634,-3.357
-0.568,-0.004,0.679,3.296,-10.925,-2.319
-0.560,0.033,0.711,5.371,-9.827,-0.549
-0.566,0.044,0.730,6.470,-9.338,1.099
-0.573,0.047,0.745,7.446,-8.972,2.014
-0.575,0.058,0.760,8.179,-8.240,2.014
-0.587,0.066,0.772,7.324,-7.507,1.099
-0.599,0.064,0.782,5.432,-6.897,-0.977
-0.607,0.063,0.781,3.418,-6.348,-2.563
-0.611,0.057,0.773,1.648,-5.676,-3.479
-0.613,0.038,0.767,0.610,-5.127,-3.967
-0.618,0.019,0.760,0.244,-4.822,-3.052
-0.630,0.008,0.756,0.366,-4.028,-0.610
-0.645,0.001,0.762,-0.061,-2.747,1.099
-0.665,-0.007,0.772,-1.282,-1.160,0.244
-0.677,-0.032,0.789,-1.953,-0.854,-1.648
-0.694,-0.055,0.804,-0.244,-1.831,-0.122
-0.701,-0.042,0.811,3.845,-3.479,5.554
-0.705,-0.010,0.802,7.019,-4.517,11.230
-0.699,0.003,0.785,6.958,-4.822,11.230
-0.693,-0.003,0.765,4.150,-3.967,6.287
-0.668,-0.018,0.752,1.465,-2.625,0.854
-1.012,-0.357,1.601,26.550,94.910,-47.241
-1.113,-0.359,1.471,27.649,80.872,-61.279
-1.135,-0.257,1.347,35.767,72.083,-71.289
-1.148,-0.109,1.251,44.678,69.031,-78.247
-1.203,0.025,1.212,48.462,70.557,-83.191
-1.305,0.096,1.213,47.913,74.402,-86.731
-1.450,0.111,1.264,46.326,76.965,-85.999
-1.636,0.125,1.305,46.021,73.792,-79.895
-1.779,0.155,1.301,47.729,62.439,-72.083
-1.831,0.185,1.240,50.781,45.532,-63.904
-1.850,0.231,1.168,54.565,28.503,-54.871
-1.846,0.284,1.120,57.312,15.381,-45.898
-1.887,0.323,1.081,57.495,5.859,-37.598
-1.962,0.315,1.052,55.420,-1.831,-30.518
-2.017,0.284,1.044,52.307,-9.216,-25.513
-2.060,0.306,1.029,49.072,-16.846,-21.545
-2.080,0.328,1.029,45.227,-25.635,-20.142
-2.040,0.344,1.043,40.222,-35.645,-21.790
-2.014,0.363,1.053,32.349,-47.058,-22.339
-1.952,0.329,1.059,24.841,-60.303,-18.860
-1.901,0.249,1.058,18.677,-74.707,-11.963
-1.863,0.137,1.056,14.343,-89.905,-4.333
-1.811,0.041,1.030,14.465,-104.492,2.258
-1.724,-0.034,1.000,16.418,-117.981,7.874
-1.636,-0.052,0.955,18.188,-128.418,8.484
-1.510,-0.022,0.899,18.433,-134.460,4.822
-1.386,-0.001,0.840,15.991,-138.489,1.465
-1.267,-0.020,0.784,13.367,-141.174,2.502
-1.167,-0.034,0.742,12.024,-142.822,9.033
-1.087,-0.046,0.721,12.878,-143.738,18.372
-1.007,-0.035,0.718,14.038,-143.433,28.015
-0.932,0.005,0.708,13.611,-141.541,35.950
-0.849,0.026,0.689,11.292,-139.343,41.443
-0.758,0.039,0.679,8.118,-135.376,45.654
-0.693,0.026,0.670,7.446,-130.615,48.157
-0.583,0.037,0.642,8.118,-124.634,52.063
-0.518,0.010,0.610,10.620,-117.981,54.321
-0.467,0.001,0.581,14.404,-111.938,52.307
-0.418,0.021,0.570,18.616,-106.934,48.340
-0.383,0.071,0.574,20.447,-102.722,43.030
-0.316,0.109,0.556,16.968,-98.083,37.659
-0.248,0.114,0.534,10.437,-94.543,30.090
-0.179,0.104,0.500,3.601,-91.309,22.156
-0.130,0.090,0.461,-2.319,-87.463,15.442
-0.089,0.064,0.423,-6.226,-82.275,7.996
-0.039,0.026,0.402,-8.728,-75.928,0.366
0.010,0.020,0.399,-10.254,-68.542,-7.263
0.043,0.058,0.394,-11.780,-59.326,-16.296
0.086,0.072,0.403,-13.428,-48.706,-28.015
0.124,0.088,0.412,-16.541,-38.452,-42.053
0.151,0.113,0.421,-20.386,-28.870,-55.298
0.175,0.144,0.411,-25.024,-18.738,-66.467
0.237,0.173,0.390,-30.640,-8.850,-77.087
0.250,0.178,0.371,-37.292,-0.549,-87.036
0.302,0.169,0.357,-44.189,9.460,-96.008
0.381,0.149,0.329,-51.392,20.020,-105.286
0.461,0.112,0.284,-57.373,30.151,-115.723
0.553,0.104,0.248,-57.861,40.710,-128.174
0.691,0.174,0.200,-53.223,53.528,-140.076
0.791,0.250,0.151,-45.959,67.993,-149.414
0.947,0.377,0.121,-44.312,86.609,-153.076
1.038,0.482,0.049,-46.875,106.934,-151.794
1.165,0.553,0.028,-46.997,131.226,-144.836
1.277,0.661,0.046,-44.434,160.461,-130.920
1.339,0.775,0.129,-41.077,190.002,-105.408
1.208,0.807,0.287,-42.419,213.928,-63.782
0.927,0.659,0.531,-48.279,232.544,-11.414
0.474,0.315,0.841,-53.711,246.338,36.011
-0.043,-0.106,1.220,-59.082,255.859,63.965
-0.516,-0.410,1.554,-69.275,261.536,71.533
-1.040,-0.656,1.814,-74.768,256.287,68.176
-1.534,-0.828,2.011,-67.261,243.286,63.049
-1.894,-0.875,2.182,-51.025,227.356,65.979
-2.148,-0.829,2.298,-33.203,205.322,72.998
-2.310,-0.723,2.320,-22.095,177.795,78.552
-2.329,-0.580,2.233,-17.883,151.184,78.186
-2.236,-0.440,2.065,-15.869,128.357,70.313
-2.121,-0.335,1.884,-13.977,109.192,54.871
-2.050,-0.255,1.739,-15.564,93.628,35.034
-2.017,-0.224,1.645,-22.461,80.139,12.573
-1.967,-0.227,1.567,-30.823,67.627,-7.324
-1.893,-0.226,1.488,-38.025,56.274,-19.470
-1.742,-0.176,1.396,-42.236,46.509,-23.132
-1.605,-0.105,1.319,-41.260,35.828,-21.545
-1.505,-0.066,1.245,-38.025,24.475,-13.489
-1.387,-0.066,1.175,-35.339,13.794,-1.221
-1.348,-0.124,1.094,-32.349,2.380,11.353
-1.284,-0.181,1.008,-28.137,-7.019,23.010
-1.155,-0.241,0.939,-21.851,-15.015,33.264
-1.073,-0.267,0.858,-13.611,-22.705,41.138
-0.964,-0.241,0.786,-6.470,-27.588,45.593
-0.891,-0.222,0.727,-1.038,-28.442,42.297
-0.802,-0.180,0.701,-0.977,-25.452,32.959
-0.695,-0.142,0.684,-4.517,-21.057,23.682
-0.625,-0.129,0.681,-5.066,-18.250,15.686
-0.576,-0.095,0.691,-3.479,-16.479,10.498
-0.533,-0.055,0.707,-2.441,-14.832,9.399
-0.510,-0.032,0.727,-3.113,-13.245,8.423
-0.506,-0.042,0.739,-5.127,-11.475,4.700
-0.495,-0.063,0.753,-4.883,-10.559,0.427
-0.475,-0.053,0.763,-1.465,-10.315,0.244
-0.468,-0.011,0.770,2.930,-9.399,4.272
-0.463,0.024,0.777,5.188,-7.629,7.507
-0.476,0.034,0.775,4.700,-5.066,6.897
-0.484,0.006,0.770,2.747,-2.258,3.540
-0.501,-0.008,0.775,2.441,0.549,0.732
-0.535,0.008,0.792,4.272,3.357,0.732
-0.568,0.024,0.806,5.188,5.859,2.380
-0.597,0.025,0.815,4.578,7.751,2.502
-0.612,0.028,0.824,2.747,9.827,1.099
-0.636,0.028,0.854,0.610,11.414,-1.099
-0.701,0.007,0.883,-0.671,10.254,-2.930
-0.727,-0.026,0.907,0.122,5.676,-2.136
-0.732,-0.008,0.903,4.395,-0.793,4.272
-0.727,0.036,0.884,9.033,-5.493,12.817
-0.722,0.054,0.859,9.644,-8.240,15.503
-0.708,0.047,0.836,6.531,-8.789,10.620
-0.684,0.041,0.810,2.258,-7.629,2.502
-0.638,0.037,0.790,-0.732,-5.798,-4.639
-1.417,0.086,1.115,-5.432,-24.353,14.893
-1.485,0.089,1.130,-5.310,-30.273,16.113
-1.549,0.114,1.141,-4.150,-37.720,19.470
-1.580,0.139,1.140,-2.136,-46.753,24.292
-1.570,0.174,1.118,-1.770,-57.007,29.480
-1.556,0.193,1.084,-2.014,-69.397,32.715
-1.484,0.198,1.033,-3.113,-81.543,37.109
-1.400,0.189,0.967,-5.188,-92.529,42.847
-1.303,0.141,0.901,-6.592,-101.990,48.889
-1.231,0.043,0.860,-4.761,-111.389,54.626
-1.164,-0.001,0.829,0.488,-119.507,60.486
-1.094,0.026,0.801,6.470,-124.817,64.697
-1.007,0.066,0.772,9.583,-127.869,64.392
-0.911,0.071,0.742,8.972,-129.089,60.364
-0.832,0.060,0.712,6.958,-128.235,54.077
-0.758,0.059,0.679,5.005,-125.427,48.157
-0.661,0.070,0.643,3.296,-121.033,44.800
-0.551,0.053,0.599,2.441,-116.699,42.969
-0.479,0.038,0.550,2.380,-114.990,41.443
-0.380,-0.002,0.493,2.991,-113.281,43.274
-0.232,-0.048,0.415,4.272,-111.755,48.157
-0.107,-0.111,0.327,7.385,-111.755,52.734
0.015,-0.153,0.238,12.268,-111.755,56.580
0.166,-0.189,0.155,15.930,-108.887,60.669
0.319,-0.222,0.067,17.822,-102.051,63.477
0.458,-0.262,-0.011,18.250,-92.346,63.416
0.598,-0.300,-0.078,18.494,-78.979,60.120
0.691,-0.396,-0.114,20.020,-63.232,55.298
0.803,-0.507,-0.135,19.592,-44.312,52.185
0.837,-0.610,-0.143,16.785,-23.743,49.927
0.923,-0.756,-0.141,22.949,2.808,43.518
0.974,-0.861,-0.103,34.363,32.410,33.081
0.988,-0.896,-0.042,49.866,65.796,20.569
1.004,-0.861,0.085,66.528,102.478,8.545
1.009,-0.813,0.280,80.139,138.794,0.000
0.973,-0.800,0.515,87.585,173.706,-3.906
0.861,-0.744,0.822,90.881,204.346,-7.568
0.604,-0.673,1.087,89.233,229.187,-12.268
0.448,-0.598,1.358,81.299,246.521,-18.982
0.306,-0.589,1.572,74.524,253.357,-30.334
0.093,-0.587,1.732,65.674,246.887,-42.175
-0.053,-0.580,1.845,65.063,233.704,-52.002
-0.156,-0.506,1.906,72.510,218.872,-55.359
-0.271,-0.385,1.920,80.261,203.003,-52.246
-0.401,-0.270,1.921,84.290,188.110,-44.739
-0.518,-0.169,1.899,83.008,176.331,-38.452
-0.660,-0.115,1.854,77.148,167.297,-37.903
-0.811,-0.087,1.794,69.092,159.363,-45.471
-0.927,-0.064,1.745,61.340,151.550,-60.364
-1.053,-0.069,1.701,54.932,143.311,-75.623
-1.194,-0.057,1.676,50.049,134.216,-88.501
-1.325,0.006,1.657,46.997,125.549,-97.839
-1.527,0.089,1.630,43.884,114.014,-103.394
-1.630,0.161,1.592,41.565,100.769,-104.126
-1.734,0.223,1.536,41.443,85.999,-97.656
-1.822,0.300,1.484,43.152,69.824,-86.548
-1.857,0.355,1.441,46.326,54.871,-72.998
-1.865,0.378,1.389,48.645,41.199,-55.481
-1.922,0.366,1.338,50.842,28.259,-33.447
-2.014,0.320,1.290,52.551,13.794,-15.381
-2.086,0.256,1.274,54.138,0.610,-5.371
-2.144,0.221,1.275,54.260,-9.399,-1.587
-2.134,0.241,1.267,49.072,-18.433,-3.906
-2.113,0.278,1.268,43.091,-30.334,-16.174
-2.066,0.320,1.279,35.645,-45.654,-31.982
-1.997,0.333,1.265,26.550,-64.026,-42.053
-1.890,0.301,1.217,16.602,-83.496,-44.800
-1.769,0.225,1.154,9.216,-101.318,-44.250
-1.668,0.132,1.089,6.104,-113.953,-40.344
-1.577,0.053,1.052,5.310,-122.437,-39.307
-1.525,-0.020,1.033,4.272,-128.174,-43.274
-1.351,-0.002,1.044,0.427,-131.409,-47.852
-1.247,-0.026,0.991,-2.136,-136.047,-34.546
-1.146,-0.058,0.936,5.371,-136.230,-1.404
-1.109,0.016,0.926,13.794,-138.916,22.766
-1.100,0.065,0.950,18.555,-142.700,30.945
-1.057,0.077,0.952,17.212,-144.775,29.053
-0.997,0.021,0.927,11.536,-145.996,20.691
-0.916,-0.020,0.898,5.615,-145.996,10.010
-0.814,-0.033,0.871,2.991,-145.142,2.014
-0.739,-0.027,0.828,1.587,-144.104,-2.197
-0.631,0.005,0.811,2.075,-141.968,-4.517
-0.522,0.078,0.754,1.526,-139.954,-3.235
-0.447,0.099,0.682,2.258,-136.475,7.751
-0.418,0.075,0.647,1.038,-134.216,16.907
-0.361,0.072,0.657,-4.578,-132.935,13.611
-0.295,0.029,0.602,-8.118,-128.418,13.184
-0.218,0.033,0.542,-7.324,-120.728,22.705
-0.202,0.056,0.516,-6.592,-115.112,29.114
-0.168,0.082,0.508,-7.996,-109.802,28.198
-0.112,0.096,0.489,-9.888,-102.356,20.386
-0.031,0.106,0.465,-13.245,-93.811,11.963
0.026,0.097,0.432,-18.005,-85.632,6.958
0.069,0.071,0.396,-22.766,-77.637,1.831
0.123,0.052,0.364,-27.039,-68.848,-5.127
0.166,0.047,0.339,-30.029,-58.594,-14.282
0.211,0.081,0.325,-32.532,-47.241,-25.452
0.265,0.111,0.319,-37.476,-36.255,-37.842
0.277,0.115,0.308,-45.166,-26.367,-50.232
0.338,0.102,0.297,-53.650,-15.808,-63.782
0.389,0.089,0.298,-61.584,-4.822,-77.515
0.465,0.099,0.294,-70.068,6.470,-90.820
0.543,0.097,0.293,-77.393,19.165,-105.225
0.660,0.118,0.278,-86.670,34.119,-119.812
0.791,0.134,0.218,-97.473,51.514,-133.301
0.924,0.137,0.151,-104.492,70.374,-147.095
1.055,0.226,0.095,-103.943,91.125,-158.325
1.226,0.349,0.086,-93.445,114.075,-164.429
1.401,0.540,0.075,-81.909,140.869,-159.058
1.561,0.739,0.089,-72.998,171.448,-135.742
1.624,0.861,0.198,-65.002,202.209,-91.980
1.511,0.806,0.397,-61.523,230.286,-31.067
1.185,0.556,0.676,-57.434,253.784,30.823
0.712,0.122,1.025,-49.744,272.827,80.566
0.245,-0.278,1.464,-46.875,287.720,114.746
-0.285,-0.587,1.904,-49.622,295.166,140.381
-0.960,-0.782,2.268,-44.067,288.391,153.748
-1.565,-0.852,2.517,-36.621,268.921,156.189
-1.968,-0.854,2.584,-33.691,240.723,151.428
-2.269,-0.894,2.298,-29.053,177.002,125.916
-2.228,-0.907,2.145,-21.851,150.696,109.375
-2.258,-0.906,1.992,-13.916,129.211,107.605
-2.454,-0.927,1.851,-9.399,113.647,102.844
-2.290,-0.456,2.009,-23.499,93.445,37.781
-2.397,-0.415,1.787,-61.707,58.716,-11.047
-2.118,-0.453,1.482,-62.012,53.467,-30.701
-1.627,-0.448,1.373,-45.715,55.542,-70.190
-1.588,-0.256,1.282,-37.720,42.603,-71.838
-1.552,-0.169,1.228,-30.945,28.503,-42.847
-1.446,-0.167,1.173,-27.710,16.785,-10.193
-1.394,-0.182,1.102,-24.170,5.981,7.996
-1.294,-0.189,1.051,-19.043,-1.465,10.803
-1.210,-0.175,0.991,-18.311,-7.935,5.798
-1.097,-0.203,0.928,-18.982,-13.855,-0.183
-0.917,-0.202,0.895,-16.357,-17.395,-4.089
-0.933,-0.204,0.839,-11.108,-23.376,-3.662
-0.837,-0.150,0.802,-5.920,-24.719,-1.343
-0.705,-0.101,0.779,-4.456,-22.888,0.488
-0.671,-0.070,0.772,-4.089,-21.790,3.784
-0.637,-0.055,0.788,-3.784,-20.508,3.357
-0.603,-0.031,0.799,-3.296,-19.775,0.366
-0.568,-0.020,0.797,-2.930,-19.897,-1.343
-0.524,-0.010,0.788,-2.563,-19.104,-2.380
-0.503,0.001,0.789,-1.770,-17.029,-3.845
-0.488,0.025,0.797,-0.732,-14.221,-5.615
-0.475,0.036,0.809,0.183,-11.780,-6.653
-0.472,0.039,0.832,0.671,-10.071,-6.348
-0.488,0.056,0.854,1.404,-9.277,-5.676
-0.496,0.079,0.865,1.770,-8.972,-5.371
-0.506,0.097,0.871,1.343,-9.033,-5.615
-0.511,0.096,0.869,0.732,-9.338,-5.859
-0.509,0.102,0.858,0.610,-10.010,-4.883
-0.519,0.113,0.845,0.427,-10.559,-3.235
-0.532,0.105,0.838,-0.183,-10.742,-1.587
-0.548,0.084,0.830,-1.038,-11.047,-0.183
-0.548,0.067,0.825,-1.160,-10.620,1.221
-0.566,0.064,0.826,-0.916,-9.766,2.136
-0.582,0.060,0.828,-1.099,-9.094,2.075
-0.589,0.040,0.829,-1.526,-9.094,1.282
-0.600,0.018,0.820,-1.770,-9.033,1.404
-0.598,0.011,0.816,-1.038,-8.606,0.366
-0.606,0.013,0.802,-0.793,-7.263,-1.038
-0.596,0.014,0.795,-1.343,-5.554,-2.686
-0.607,0.020,0.795,-1.282,-4.089,-4.272
-0.611,0.032,0.805,-0.854,-2.808,-4.822
-0.616,0.037,0.818,-0.183,-1.648,-5.127
-0.629,0.039,0.830,0.854,-1.282,-5.005
-0.631,0.059,0.844,2.380,-1.831,-4.639
-0.631,0.088,0.848,3.845,-2.686,-2.747
-0.623,0.115,0.844,4.028,-3.357,-1.770
-0.603,0.129,0.841,2.625,-3.662,-3.296
-0.587,0.137,0.844,0.671,-2.747,-4.761
-0.598,0.146,0.847,-1.160,-2.075,-6.531
-0.593,0.146,0.845,-3.052,-1.892,-8.362
-0.581,0.132,0.833,-4.211,-2.014,-8.362
-0.574,0.116,0.835,-3.723,-1.160,-6.348
-0.583,0.116,0.852,-3.967,-1.709,-6.470
-0.600,0.116,0.848,-3.967,-2.869,-5.615
-0.578,0.107,0.841,-2.197,-3.662,-4.333
-0.561,0.128,0.838,-0.854,-4.883,-3.723
-0.565,0.136,0.835,-0.916,-5.615,-1.953
-0.553,0.123,0.825,-1.648,-5.432,-0.916
-0.544,0.111,0.813,-2.625,-4.822,-1.099
-0.538,0.105,0.805,-2.991,-3.967,-1.099
-0.530,0.099,0.798,-2.502,-2.869,-0.305
-0.533,0.090,0.805,-1.648,-1.709,1.099
-0.575,0.093,0.803,-0.610,-1.343,2.563
-0.534,0.095,0.801,0.488,-0.305,1.465
-0.547,0.102,0.794,0.549,0.427,5.432
-0.584,0.101,0.801,0.854,0.488,10.071
-0.595,0.105,0.827,1.099,0.549,6.104
-0.605,0.105,0.841,-0.610,0.183,1.038
-0.596,0.093,0.835,-2.808,0.549,-1.221
-0.596,0.089,0.828,-3.296,0.916,-1.160
-0.604,0.095,0.834,-2.380,1.099,0.122
-0.619,0.101,0.839,-1.587,1.099,2.258
-0.629,0.104,0.841,-1.099,0.916,3.540
-0.626,0.109,0.836,-1.038,0.305,3.235
-0.618,0.107,0.828,-1.160,0.000,2.441
-0.611,0.094,0.826,-1.221,-0.061,1.892
-0.612,0.087,0.828,-1.099,-0.183,1.343
-0.619,0.090,0.834,-0.427,-0.244,1.587
-0.623,0.085,0.836,-0.305,-0.488,2.014
-0.625,0.074,0.832,-0.732,-0.977,1.404
-0.621,0.078,0.826,-1.160,-0.732,0.305
-0.619,0.089,0.824,-1.404,-0.366,-0.488
-0.612,0.091,0.820,-1.892,-0.305,-0.977
-0.605,0.090,0.818,-1.892,-0.366,-0.671
-0.598,0.095,0.822,-1.282,-0.061,0.366
-0.618,0.101,0.825,0.183,-0.061,1.343
-0.614,0.099,0.822,0.549,0.366,2.563
-0.628,0.098,0.810,0.549,0.610,2.075
-0.620,0.074,0.814,1.160,1.892,0.244
-0.605,0.066,0.820,0.793,2.197,-3.662
-0.608,0.065,0.812,0.854,2.319,0.000
-0.610,0.079,0.816,2.441,2.136,4.761
-0.625,0.100,0.830,3.784,1.221,4.944
-0.619,0.102,0.833,3.601,0.610,3.479
-0.612,0.102,0.825,2.258,0.610,1.770
-0.617,0.109,0.821,1.526,0.610,-0.671
-0.592,0.111,0.822,1.648,1.343,-2.808
-0.589,0.119,0.817,1.282,1.953,-2.014
-0.591,0.122,0.813,1.099,2.441,-0.244
-0.594,0.120,0.817,1.282,2.930,0.244
-0.607,0.116,0.822,1.770,2.686,0.427
-0.609,0.112,0.828,2.319,2.380,0.977
-0.607,0.110,0.823,2.563,1.526,1.770
-0.603,0.097,0.816,2.441,1.404,2.625
-0.603,0.098,0.815,2.686,1.831,2.441
-0.613,0.108,0.821,2.319,2.563,2.380
-0.622,0.112,0.822,1.282,2.930,2.075
-0.629,0.102,0.824,0.427,2.686,0.427
-0.629,0.090,0.825,0.061,2.258,-1.160
-0.622,0.097,0.820,0.549,2.258,-1.587
-0.623,0.106,0.818,0.732,2.075,-1.770
-0.615,0.107,0.816,0.244,2.014,-2.563
-0.610,0.112,0.818,0.366,2.258,-2.686
-0.621,0.119,0.820,0.732,2.625,-1.404
-0.490,-0.516,1.856,62.256,200.989,-57.068
-0.604,-0.494,1.841,61.829,177.002,-55.054
-0.696,-0.406,1.784,67.810,156.982,-50.232
-0.743,-0.316,1.715,75.256,142.273,-46.265
-0.742,-0.235,1.646,78.552,133.972,-41.992
-0.758,-0.171,1.573,77.026,130.554,-41.321
-0.796,-0.130,1.532,75.073,128.418,-47.119
-0.862,-0.088,1.506,73.242,125.671,-55.969
-0.961,-0.027,1.496,69.946,121.155,-65.735
-1.016,0.054,1.459,64.758,114.502,-78.979
-1.067,0.102,1.398,57.556,104.614,-91.858
-1.101,0.126,1.321,52.795,94.238,-98.694
-1.106,0.156,1.255,54.016,86.182,-97.290
-1.167,0.186,1.204,58.472,79.529,-90.271
-1.233,0.225,1.177,63.599,74.585,-81.482
-1.308,0.268,1.159,65.979,71.594,-71.472
-1.411,0.325,1.138,65.918,68.665,-65.002
-1.494,0.360,1.134,61.890,65.674,-62.012
-1.591,0.330,1.137,56.946,60.181,-60.852
-1.666,0.298,1.145,54.138,52.612,-59.937
-1.762,0.320,1.159,55.054,43.457,-56.396
-1.821,0.373,1.170,56.580,31.311,-49.744
-1.865,0.404,1.150,56.335,18.311,-39.978
-1.886,0.422,1.121,55.542,4.456,-28.748
-1.899,0.403,1.101,54.260,-8.667,-19.470
-1.946,0.388,1.087,51.636,-20.691,-11.414
-1.966,0.380,1.064,48.706,-30.945,-4.395
-1.973,0.397,1.060,44.434,-41.809,-0.427
-1.949,0.379,1.039,37.720,-53.467,-1.282
-1.875,0.319,1.042,30.090,-65.247,-2.686
-1.852,0.243,1.050,28.076,-78.125,-3.235
-1.815,0.223,1.057,28.381,-90.271,-0.061
-1.747,0.216,1.051,27.527,-101.440,6.714
-1.686,0.209,1.036,25.940,-113.098,13.794
-1.603,0.201,1.014,23.926,-123.962,19.836
-1.510,0.217,0.988,21.545,-132.751,24.841
-1.397,0.238,0.962,17.517,-140.137,28.931
-1.307,0.248,0.935,13.672,-145.874,32.593
-1.194,0.245,0.905,9.155,-149.353,38.025
-1.100,0.181,0.880,5.432,-151.794,43.457
-1.040,0.128,0.866,4.517,-154.480,45.471
-0.994,0.139,0.851,4.333,-155.701,46.082
-0.883,0.183,0.821,7.324,-154.236,43.152
-0.761,0.245,0.788,8.606,-152.222,39.368
-0.651,0.275,0.753,8.423,-148.376,37.842
-0.563,0.303,0.717,6.104,-145.142,37.231
-0.448,0.300,0.662,2.136,-141.724,38.147
-0.381,0.273,0.590,-1.404,-138.367,39.734
-0.259,0.262,0.540,-6.409,-133.057,41.199
-0.190,0.215,0.475,-9.216,-126.343,38.452
-0.087,0.194,0.420,-12.390,-116.699,30.396
0.014,0.183,0.369,-14.832,-104.858,19.592
0.089,0.185,0.314,-17.212,-91.492,9.460
0.162,0.186,0.280,-20.752,-75.684,1.709
0.213,0.179,0.274,-24.719,-59.265,-7.446
0.245,0.180,0.291,-31.250,-43.152,-20.569
0.262,0.170,0.320,-41.016,-28.748,-37.048
0.297,0.153,0.352,-53.467,-15.930,-54.077
0.331,0.107,0.379,-66.650,-5.432,-71.777
0.363,0.035,0.392,-77.820,2.930,-89.722
0.426,-0.019,0.399,-84.595,12.390,-104.736
0.501,-0.027,0.401,-85.266,21.729,-116.699
0.575,0.001,0.404,-83.435,31.616,-125.916
0.644,0.047,0.408,-81.665,42.114,-131.287
0.712,0.097,0.408,-81.177,53.894,-134.399
0.773,0.140,0.378,-82.336,66.711,-137.390
0.851,0.181,0.338,-83.801,79.956,-140.503
0.951,0.239,0.280,-84.351,94.604,-141.479
1.069,0.286,0.216,-81.970,110.474,-138.794
1.139,0.290,0.167,-73.914,126.465,-132.812
1.237,0.297,0.145,-63.477,147.034,-118.469
1.318,0.358,0.218,-53.284,172.546,-91.797
1.207,0.420,0.397,-44.434,199.402,-50.598
0.905,0.389,0.666,-40.039,224.365,-0.122
0.493,0.179,0.968,-38.391,243.835,47.119
0.023,-0.059,1.253,-41.809,254.456,80.200
-0.441,-0.323,1.544,-47.485,256.958,94.727
-0.865,-0.533,1.794,-50.293,254.578,100.769
-1.323,-0.758,2.030,-43.274,245.667,108.459
-1.781,-0.935,2.250,-33.386,229.431,119.690
-2.197,-1.003,2.427,-21.851,206.421,125.854
-2.475,-0.885,2.490,-12.573,178.040,119.812
-2.540,-0.670,2.429,-7.080,149.048,100.525
-2.406,-0.404,2.272,-8.484,123.779,72.632
-2.154,-0.198,2.104,-13.672,104.065,41.748
-1.964,-0.095,1.943,-18.066,89.844,9.277
-1.962,0.196,1.880,-33.813,72.205,-31.921
-1.962,0.203,1.763,-57.617,44.006,-50.598
-1.837,0.063,1.509,-49.011,29.724,-43.152
-1.469,-0.029,1.366,-34.668,23.315,-26.489
-1.421,-0.023,1.280,-24.475,9.888,9.216
-1.525,-0.058,1.208,-19.043,-3.052,47.485
-1.434,-0.128,1.139,-14.648,-8.728,63.904
-1.312,-0.193,1.069,-14.404,-13.672,63.232
-1.233,-0.232,1.012,-16.602,-18.616,59.326
-1.104,-0.232,0.959,-16.724,-22.461,49.622
-0.987,-0.244,0.888,-13.000,-26.733,32.043
-0.868,-0.167,0.813,-12.878,-29.480,20.996
-0.723,-0.108,0.745,-15.259,-30.029,15.564
-0.622,-0.062,0.703,-14.465,-29.968,12.939
-0.582,-0.019,0.684,-11.963,-29.968,11.414
-0.547,0.027,0.686,-9.766,-29.297,9.460
-0.511,0.061,0.688,-9.216,-28.198,7.080
-0.488,0.065,0.689,-10.376,-26.917,4.944
-0.469,0.055,0.695,-11.475,-25.391,2.808
-0.451,0.061,0.707,-11.414,-22.827,1.221
-0.443,0.081,0.719,-11.475,-19.409,-0.977
-0.434,0.086,0.723,-12.268,-15.991,-4.578
-0.417,0.082,0.718,-12.939,-11.963,-7.141
-0.413,0.072,0.713,-12.573,-8.423,-7.751
-0.423,0.070,0.711,-10.620,-5.066,-6.714
-0.436,0.072,0.715,-8.301,-1.953,-4.883
-0.462,0.076,0.729,-6.165,0.488,-2.075
-0.499,0.072,0.743,-4.211,2.625,2.747
-0.532,0.060,0.767,-2.197,4.211,7.080
-0.592,0.040,0.797,-0.793,5.493,11.169
-0.650,0.000,0.828,0.183,5.798,14.038
-0.683,-0.017,0.854,1.526,5.127,15.198
-0.709,-0.013,0.871,3.052,4.150,14.832
1.305,-0.825,0.624,120.544,208.130,-54.443
1.092,-0.704,1.018,133.911,245.972,-52.185
0.820,-0.509,1.407,136.963,274.963,-47.485
0.484,-0.340,1.738,128.845,289.307,-49.316
0.114,-0.228,1.957,112.366,287.354,-58.899
-0.008,-0.172,2.108,95.154,276.611,-68.420
-0.176,-0.089,2.173,84.106,256.042,-72.388
-0.371,-0.052,2.267,85.571,231.995,-64.392
-0.625,0.018,2.315,87.952,210.083,-41.931
-0.911,0.057,2.324,87.341,187.988,-19.409
-1.153,0.097,2.296,85.693,167.786,-9.216
-1.339,0.177,2.235,81.421,151.611,-14.709
-1.488,0.293,2.156,73.120,138.123,-36.377
-1.578,0.423,2.081,58.289,126.343,-70.190
-1.662,0.493,1.979,40.466,115.540,-99.121
-1.724,0.539,1.860,25.269,104.431,-111.816
-1.762,0.584,1.751,17.883,92.163,-107.483
-1.824,0.650,1.624,13.855,77.209,-90.637
-1.845,0.678,1.511,14.587,60.120,-67.688
-1.878,0.613,1.390,19.897,41.260,-42.236
-1.965,0.483,1.260,26.917,21.606,-17.761
-2.054,0.389,1.162,37.598,5.920,-3.601
-2.063,0.380,1.048,42.847,-1.221,-1.587
-2.063,0.376,0.969,38.696,-5.371,-12.512
-2.014,0.359,0.925,26.367,-10.132,-32.532
-2.001,0.301,0.900,11.658,-15.503,-49.744
-2.007,0.269,0.915,0.366,-23.621,-63.721
-1.990,0.248,0.925,-8.545,-33.997,-71.045
-1.966,0.162,0.920,-14.038,-47.241,-68.115
-1.928,0.064,0.923,-11.658,-63.904,-59.753
-1.876,0.049,0.934,-2.136,-80.505,-47.852
-1.803,0.117,0.939,8.118,-95.337,-35.095
-1.682,0.171,0.923,11.780,-106.750,-24.353
-1.578,0.136,0.889,9.644,-115.417,-18.250
-1.482,0.062,0.856,5.737,-120.728,-16.663
-1.391,0.007,0.837,4.761,-123.413,-15.381
-1.304,0.015,0.818,6.287,-124.329,-12.024
-1.221,0.040,0.806,7.874,-124.512,-7.812
-1.156,0.041,0.794,8.728,-125.671,-5.188
-1.083,0.026,0.782,9.094,-126.526,-3.845
-1.019,0.014,0.790,10.132,-127.319,-3.357
-0.993,0.036,0.821,9.644,-129.395,-3.662
-0.962,0.030,0.830,5.920,-132.874,-2.625
-0.904,-0.017,0.814,2.258,-137.634,-1.587
-0.834,-0.039,0.786,1.343,-141.846,0.549
-0.774,-0.023,0.752,2.747,-143.860,4.761
-0.717,-0.002,0.715,4.272,-143.982,8.301
-0.651,0.021,0.683,5.127,-141.968,9.949
-0.606,0.035,0.656,5.127,-138.184,11.230
-0.573,0.039,0.635,5.493,-133.606,12.695
-0.530,0.046,0.605,5.920,-128.296,13.611
-0.484,0.047,0.577,7.141,-122.437,14.648
-0.450,0.049,0.542,9.277,-116.028,15.686
-0.414,0.052,0.511,10.986,-109.192,15.381
-0.387,0.053,0.493,11.658,-101.685,13.184
-0.363,0.061,0.486,11.108,-94.543,9.583
-0.330,0.083,0.490,7.751,-87.341,5.371
-0.294,0.124,0.471,1.160,-81.360,1.221
-0.256,0.114,0.449,-5.127,-75.684,-3.418
-0.225,0.087,0.429,-10.193,-70.374,-9.033
-0.189,0.066,0.409,-13.794,-63.904,-13.245
-0.139,0.040,0.392,-14.832,-56.519,-16.907
-0.104,0.022,0.384,-15.320,-48.523,-21.179
-0.082,0.029,0.381,-15.198,-39.734,-27.527
-0.024,0.062,0.385,-16.357,-29.053,-33.875
0.019,0.092,0.387,-19.470,-17.395,-41.870
0.062,0.109,0.382,-22.583,-5.371,-52.490
0.111,0.122,0.381,-26.306,7.263,-62.012
0.130,0.150,0.395,-29.785,20.691,-69.702
0.149,0.190,0.407,-34.485,33.813,-76.416
0.173,0.198,0.421,-38.879,45.227,-84.473
0.193,0.202,0.440,-41.504,55.481,-90.454
0.257,0.236,0.462,-44.373,67.139,-90.393
0.270,0.286,0.480,-45.105,76.660,-89.050
0.288,0.342,0.482,-47.119,85.083,-86.975
0.354,0.359,0.486,-48.279,93.018,-84.229
0.415,0.413,0.510,-48.645,100.342,-77.393
0.464,0.493,0.570,-48.950,108.398,-65.979
0.484,0.618,0.601,-54.749,116.760,-53.101
0.501,0.757,0.624,-65.918,124.512,-45.959
0.545,0.852,0.647,-79.834,133.118,-42.114
0.553,0.821,0.654,-94.299,141.296,-33.325
0.506,0.692,0.689,-103.210,149.719,-16.785
0.368,0.516,0.801,-103.394,158.203,7.385
0.055,0.281,0.952,-101.440,162.170,39.001
-0.338,0.004,1.067,-96.863,162.415,69.275
-0.682,-0.244,1.157,-89.844,160.706,92.407
-1.001,-0.355,1.208,-81.482,159.058,109.070
-1.311,-0.371,1.260,-75.134,157.776,117.798
-1.605,-0.437,1.317,-74.646,155.701,115.723
-1.832,-0.528,1.351,-78.247,152.161,104.675
-2.028,-0.709,1.409,-78.125,145.691,90.454
-2.201,-0.809,1.436,-70.984,136.353,76.538
-2.293,-0.780,1.461,-63.232,126.221,61.340
-2.314,-0.656,1.467,-53.894,115.967,40.222
-2.237,-0.458,1.450,-49.866,105.652,13.184
-2.095,-0.256,1.401,-53.040,96.130,-14.221
-1.973,-0.164,1.338,-57.251,85.571,-35.461
-1.875,-0.171,1.287,-57.495,72.144,-40.649
-1.818,-0.204,1.244,-51.025,55.969,-29.175
-1.764,-0.218,1.203,-39.673,39.429,-8.423
-1.712,-0.252,1.143,-29.968,23.621,10.620
-1.617,-0.287,1.073,-23.376,9.644,18.799
-1.492,-0.304,0.980,-18.860,-1.770,19.775
-1.342,-0.305,0.879,-14.648,-9.399,19.165
-1.208,-0.269,0.799,-9.583,-14.099,17.151
-1.067,-0.228,0.750,-5.127,-15.991,15.137
-0.960,-0.178,0.719,-0.549,-17.212,13.733
-0.873,-0.124,0.704,2.808,-17.639,10.925
-0.769,-0.064,0.690,2.258,-16.235,8.179
-0.696,-0.022,0.681,2.502,-15.137,4.089
-0.634,0.024,0.680,2.869,-13.672,0.000
-0.582,0.059,0.672,3.967,-12.390,-2.136
-0.523,0.088,0.663,5.676,-11.475,-2.136
-0.500,0.114,0.663,8.240,-10.742,0.305
-0.485,0.152,0.666,10.193,-8.972,2.441
-0.480,0.171,0.666,10.315,-6.775,1.709
-0.481,0.160,0.672,9.705,-4.700,-0.793
-0.491,0.176,0.680,10.559,-2.869,-2.441
-0.326,-0.430,2.041,66.101,246.216,-67.566
-0.461,-0.463,2.044,66.956,217.285,-72.876
-0.575,-0.377,2.019,74.768,192.627,-63.354
-0.667,-0.242,2.000,82.397,174.500,-48.340
-0.776,-0.127,1.979,85.938,161.377,-37.842
-0.907,-0.045,1.934,84.045,150.513,-36.560
-0.997,-0.016,1.870,80.444,140.686,-44.739
-1.053,0.019,1.805,75.256,131.470,-60.486
-1.104,0.034,1.741,67.871,121.216,-78.552
-1.162,0.004,1.649,60.181,109.314,-90.942
-1.236,-0.055,1.549,56.091,96.375,-97.351
-1.281,-0.119,1.458,56.702,84.351,-96.680
-1.324,-0.163,1.369,61.218,73.181,-91.187
-1.349,-0.146,1.297,67.627,65.491,-85.938
-1.396,-0.063,1.241,73.547,61.646,-83.374
-1.439,0.065,1.218,75.684,59.265,-82.947
-1.504,0.249,1.204,73.608,57.068,-82.825
-1.555,0.374,1.200,70.251,54.016,-81.116
-1.644,0.501,1.206,66.650,47.119,-76.599
-1.738,0.572,1.200,62.561,36.072,-67.444
-1.820,0.594,1.195,59.082,22.156,-57.129
-1.873,0.565,1.195,56.091,6.836,-48.950
-1.935,0.510,1.197,53.284,-6.958,-43.579
-1.977,0.473,1.200,49.927,-20.325,-40.771
-1.968,0.477,1.188,45.227,-33.875,-40.344
-1.919,0.460,1.151,37.903,-48.035,-40.894
-1.864,0.407,1.109,29.724,-61.646,-41.809
-1.804,0.334,1.066,23.621,-74.341,-41.138
-1.757,0.233,1.037,20.691,-85.510,-36.133
-1.707,0.152,1.020,19.775,-95.703,-29.541
-1.664,0.118,1.006,19.043,-105.286,-24.353
-1.611,0.093,0.994,16.418,-114.868,-22.766
-1.527,0.067,0.978,12.512,-122.498,-24.292
-1.421,0.042,0.957,9.705,-128.662,-27.466
-1.322,0.052,0.934,8.911,-133.606,-28.442
-1.235,0.084,0.913,10.132,-137.695,-24.719
-1.160,0.101,0.886,11.169,-140.625,-17.212
-1.110,0.084,0.870,11.475,-143.250,-11.108
-1.061,0.077,0.868,10.864,-144.470,-6.958
-1.018,0.085,0.872,9.521,-144.836,-4.822
-0.961,0.109,0.880,6.409,-145.874,-4.211
-0.881,0.150,0.877,2.380,-147.217,-4.211
-0.793,0.177,0.845,-2.014,-149.292,-3.357
-0.713,0.175,0.804,-4.761,-151.184,-0.793
-0.642,0.177,0.759,-5.127,-152.100,4.700
-0.594,0.178,0.721,-4.578,-151.733,12.024
-0.563,0.154,0.696,-4.700,-149.902,17.456
-0.526,0.141,0.661,-6.775,-146.545,18.311
-0.469,0.113,0.637,-9.521,-142.517,16.357
-0.421,0.115,0.589,-13.794,-138.428,14.343
-0.377,0.158,0.547,-18.250,-134.094,11.719
-0.307,0.165,0.509,-20.386,-128.174,8.728
-0.247,0.157,0.463,-24.109,-122.375,7.202
-0.212,0.141,0.422,-26.733,-116.272,6.287
-0.176,0.125,0.397,-28.320,-109.314,3.784
-0.157,0.138,0.371,-30.579,-100.830,-0.305
-0.125,0.162,0.343,-34.668,-91.675,-6.897
-0.077,0.150,0.311,-40.894,-81.726,-17.090
-0.057,0.113,0.275,-47.241,-70.984,-28.870
-0.009,0.063,0.235,-52.734,-58.655,-38.940
0.014,-0.010,0.205,-55.603,-46.692,-48.828
0.040,-0.044,0.175,-57.312,-33.813,-55.786
0.073,-0.058,0.168,-56.763,-21.240,-63.599
0.109,-0.041,0.162,-56.885,-7.507,-73.181
0.140,-0.021,0.159,-58.411,7.507,-82.275
0.139,-0.015,0.174,-59.692,22.888,-91.370
0.137,0.011,0.200,-61.035,38.574,-98.572
0.140,0.039,0.232,-61.035,53.711,-103.394
0.163,0.052,0.268,-60.059,67.810,-106.812
0.210,0.075,0.293,-59.143,82.458,-110.657
0.288,0.171,0.329,-60.852,98.145,-114.380
0.322,0.254,0.357,-62.805,114.258,-118.042
0.366,0.328,0.377,-67.322,130.188,-121.765
0.439,0.405,0.408,-72.388,146.667,-125.610
0.544,0.525,0.469,-76.172,162.903,-127.747
0.656,0.653,0.543,-79.529,177.856,-124.756
0.722,0.790,0.661,-85.022,191.711,-112.244
0.738,0.884,0.781,-94.971,204.163,-93.018
0.726,0.878,0.931,-104.004,214.600,-66.284
0.621,0.822,1.090,-111.084,224.365,-31.677
0.358,0.634,1.274,-113.708,228.333,5.493
0.073,0.436,1.414,-111.267,228.516,40.771
-0.236,0.299,1.535,-104.614,226.807,74.158
-0.597,0.151,1.628,-97.412,221.313,106.201
-0.996,-0.068,1.705,-89.050,210.632,130.981
-1.448,-0.381,1.747,-80.872,196.228,151.550
-1.927,-0.715,1.794,-69.092,176.514,165.955
-2.336,-0.921,1.820,-53.711,153.992,173.096
-2.585,-0.938,1.791,-39.917,130.554,165.833
-2.641,-0.812,1.706,-33.691,109.863,137.756
-2.545,-0.607,1.577,-38.086,96.497,90.088
-2.341,-0.400,1.443,-50.842,90.881,29.297
-2.174,-0.244,1.313,-64.392,88.379,-27.710
-2.035,-0.165,1.214,-72.510,83.496,-65.491
-1.906,-0.140,1.145,-69.092,73.364,-73.669
-1.828,-0.095,1.109,-55.298,57.312,-55.298
-1.708,-0.029,1.089,-37.170,38.208,-24.963
-1.623,-0.002,1.051,-20.630,19.592,7.080
-1.506,0.005,0.996,-11.292,4.822,27.283
-1.355,0.007,0.926,-6.653,-3.845,32.043
-1.218,-0.004,0.853,-3.052,-7.996,28.870
-1.114,-0.024,0.792,0.183,-9.583,23.499
-0.998,-0.013,0.746,0.000,-9.033,19.836
-0.872,0.025,0.724,0.366,-7.263,19.470
-0.811,0.063,0.721,3.174,-7.751,21.301
-0.759,0.090,0.731,4.761,-9.583,24.536
-0.722,0.112,0.735,5.371,-11.902,26.306
-0.677,0.130,0.725,4.395,-13.611,25.696
-0.626,0.136,0.708,3.052,-14.160,22.705
-0.589,0.138,0.700,2.563,-13.367,18.860
-0.564,0.147,0.701,3.174,-12.085,16.174
-0.551,0.151,0.701,4.578,-10.620,14.160
-0.546,0.146,0.709,6.287,-9.094,11.658
-0.549,0.154,0.722,7.996,-7.202,8.484
-0.547,0.158,0.727,8.667,-5.554,5.249
-0.540,0.169,0.733,8.850,-4.333,1.770
-0.533,0.190,0.732,8.240,-3.906,-1.038
-0.525,0.196,0.724,7.324,-3.906,-2.380
-0.523,0.202,0.715,7.202,-3.967,-2.136
0.840,-0.759,0.923,156.006,266.785,-87.463
0.495,-0.516,1.360,167.358,289.124,-74.463
0.043,-0.268,1.700,161.499,299.561,-63.354
-0.265,-0.096,2.000,147.522,299.072,-65.979
-0.506,0.053,2.210,137.756,288.757,-75.684
-0.805,0.163,2.378,130.859,270.935,-76.477
-1.107,0.247,2.523,129.639,248.596,-67.261
-1.362,0.346,2.609,130.737,223.633,-52.917
-1.607,0.476,2.630,131.409,196.655,-36.987
-1.821,0.611,2.598,128.601,169.495,-25.757
-1.991,0.681,2.512,117.493,142.273,-26.550
-2.091,0.680,2.378,100.098,114.990,-43.030
-2.125,0.636,2.223,80.627,88.501,-65.186
-2.079,0.527,2.029,64.453,63.232,-79.102
-2.029,0.394,1.833,56.335,39.307,-77.148
-1.999,0.270,1.676,56.946,16.357,-64.270
-2.003,0.266,1.536,60.120,-5.554,-47.546
-1.948,0.261,1.410,64.575,-24.963,-31.799
-1.856,0.223,1.258,65.186,-43.396,-17.334
-1.782,0.134,1.107,62.927,-58.228,-6.348
-1.706,0.038,0.987,63.416,-67.444,-0.732
-1.644,0.013,0.894,66.833,-70.007,-0.305
-1.574,0.034,0.849,70.129,-69.031,-7.446
-1.506,0.062,0.839,68.604,-67.993,-18.433
-1.491,0.077,0.863,62.622,-69.092,-26.062
-1.502,0.107,0.907,56.213,-71.899,-30.151
-1.512,0.155,0.968,49.500,-77.271,-33.752
-1.501,0.191,1.018,42.603,-86.121,-38.208
-1.449,0.217,1.036,36.316,-95.825,-38.818
-1.395,0.233,1.015,30.762,-105.774,-34.119
-1.335,0.227,0.978,27.588,-114.502,-27.161
-1.292,0.212,0.937,26.611,-121.521,-20.569
-1.237,0.203,0.902,26.123,-126.648,-14.832
-1.164,0.210,0.864,23.926,-129.150,-10.925
-1.083,0.222,0.825,20.325,-130.310,-10.681
-0.997,0.234,0.795,16.418,-129.700,-11.414
-0.920,0.250,0.773,13.367,-128.418,-9.277
-0.905,0.255,0.767,10.925,-126.953,-5.310
-0.867,0.259,0.780,6.958,-125.671,-1.404
-0.843,0.245,0.801,1.953,-125.122,0.610
-0.832,0.241,0.821,-3.601,-125.793,0.122
-0.765,0.254,0.829,-8.911,-126.587,-0.244
-0.693,0.255,0.807,-12.878,-127.747,1.648
-0.625,0.235,0.775,-15.076,-129.333,5.310
-0.564,0.232,0.728,-15.320,-129.517,8.057
-0.476,0.228,0.673,-15.991,-127.380,11.963
-0.406,0.189,0.605,-17.761,-123.230,15.808
-0.335,0.134,0.541,-19.775,-117.493,16.907
-0.263,0.089,0.480,-22.583,-109.863,17.029
-0.199,0.056,0.422,-25.940,-101.257,16.357
-0.147,0.044,0.369,-29.968,-91.309,15.198
-0.086,0.016,0.340,-32.410,-78.613,11.963
-0.042,-0.034,0.334,-34.851,-65.796,7.141
-0.020,-0.125,0.345,-36.072,-53.833,2.319
0.002,-0.192,0.361,-34.851,-41.870,-1.831
-0.010,-0.205,0.359,-33.203,-29.907,-5.432
-0.008,-0.199,0.361,-32.715,-18.677,-10.925
-0.008,-0.191,0.349,-32.532,-8.423,-19.287
0.014,-0.170,0.355,-33.752,1.221,-28.687
0.026,-0.145,0.344,-37.354,13.062,-36.499
0.050,-0.136,0.345,-42.297,24.658,-43.335
0.042,-0.161,0.355,-45.532,35.400,-50.415
0.003,-0.190,0.372,-46.936,45.532,-57.617
-0.022,-0.181,0.400,-49.316,56.030,-63.782
-0.042,-0.158,0.419,-51.025,65.247,-70.984
-0.005,-0.082,0.445,-53.589,74.158,-77.026
0.024,0.022,0.460,-55.359,82.031,-84.045
0.067,0.125,0.490,-55.786,88.867,-93.811
0.116,0.273,0.516,-61.279,97.351,-102.539
0.162,0.394,0.537,-69.214,106.079,-109.436
0.261,0.475,0.551,-76.599,115.356,-114.441
0.358,0.580,0.554,-83.008,125.061,-116.638
0.443,0.714,0.588,-87.341,133.911,-111.877
0.500,0.826,0.630,-89.172,141.785,-97.839
0.512,0.850,0.661,-91.003,147.217,-72.571
0.519,0.817,0.725,-91.492,150.574,-38.574
0.478,0.726,0.808,-90.881,153.625,-0.977
0.351,0.444,0.920,-88.379,155.457,39.307
0.185,0.224,1.100,-84.167,157.837,78.125
-0.136,0.106,1.285,-84.229,157.837,107.239
-0.433,-0.044,1.437,-92.163,153.564,126.770
-0.698,-0.213,1.489,-102.417,147.522,134.460
-0.886,-0.386,1.469,-111.084,140.320,134.277
-1.026,-0.492,1.409,-109.009,134.888,130.615
-1.140,-0.511,1.392,-97.961,129.517,123.169
-1.237,-0.456,1.407,-86.121,127.930,115.723
-1.373,-0.441,1.492,-74.219,127.197,110.291
-1.553,-0.448,1.587,-64.636,124.573,104.736
-1.732,-0.461,1.657,-59.509,118.835,95.093
-1.874,-0.464,1.674,-58.411,108.704,79.346
-1.883,-0.462,1.631,-59.265,94.971,58.350
-1.790,-0.445,1.541,-61.218,79.468,38.391
-1.683,-0.422,1.436,-61.096,64.270,23.132
-1.562,-0.398,1.323,-59.692,51.636,13.123
-1.478,-0.432,1.231,-55.054,41.138,7.690
-1.406,-0.462,1.155,-46.021,32.593,9.094
-1.355,-0.422,1.109,-34.912,25.452,13.550
-1.288,-0.340,1.069,-26.489,18.921,16.724
-1.198,-0.293,1.026,-22.217,13.550,14.832
-1.130,-0.260,0.980,-20.386,9.644,8.789
-1.049,-0.225,0.922,-19.287,7.080,1.160
-0.968,-0.187,0.878,-17.090,5.493,-3.662
-0.914,-0.135,0.868,-13.733,4.089,-4.333
-0.858,-0.103,0.863,-10.132,2.258,-3.357
-0.821,-0.081,0.875,-6.226,-0.366,0.244
-0.825,-0.050,0.886,-2.991,-4.211,5.981
-0.808,-0.027,0.887,0.305,-7.996,10.437
-0.771,-0.005,0.878,2.319,-11.719,10.498
-0.726,0.029,0.865,3.418,-14.343,7.202
-0.680,0.069,0.848,3.174,-15.503,3.540
-0.629,0.095,0.827,1.587,-15.320,-0.732
-0.580,0.120,0.805,-0.488,-14.465,-4.028
-0.549,0.123,0.790,-1.831,-13.123,-5.005
-0.529,0.116,0.788,-2.075,-11.169,-4.761
-0.529,0.129,0.807,-1.038,-9.216,-3.296
-0.543,0.140,0.825,0.122,-8.423,0.122
-0.546,0.135,0.838,1.221,-9.216,3.418
-0.544,0.146,0.837,2.014,-10.254,5.188
-0.532,0.158,0.828,1.648,-10.437,4.700
1.407,-0.950,-0.219,62.866,135.681,-66.711
1.327,-0.984,-0.029,85.205,174.255,-64.636
1.300,-1.033,0.180,111.389,208.984,-59.570
1.247,-1.015,0.487,136.719,242.920,-53.284
1.116,-0.762,0.953,152.771,276.794,-44.861
0.650,-0.457,1.428,153.992,299.500,-38.452
0.198,-0.242,1.877,136.536,306.641,-44.312
-0.202,-0.108,2.233,116.211,300.293,-64.880
-0.599,-0.006,2.483,96.252,279.785,-80.872
-0.915,0.073,2.616,89.111,249.878,-83.984
-1.132,0.149,2.664,95.459,216.248,-74.524
-1.302,0.272,2.663,104.614,185.059,-55.725
-1.471,0.409,2.627,107.727,159.363,-37.781
-1.642,0.477,2.556,103.027,138.550,-32.410
-1.820,0.478,2.429,89.478,119.263,-46.326
-1.898,0.426,2.255,70.557,97.839,-77.332
-1.882,0.360,2.050,53.101,75.073,-108.704
-1.838,0.280,1.841,41.992,51.636,-123.535
-1.780,0.222,1.648,39.124,31.372,-122.314
-1.760,0.209,1.501,42.603,12.817,-110.901
-1.733,0.218,1.384,46.936,-2.563,-93.811
-1.704,0.204,1.309,50.293,-14.893,-78.918
-1.722,0.204,1.247,53.528,-26.062,-66.345
-1.731,0.226,1.208,57.922,-35.217,-52.612
-1.723,0.258,1.176,59.998,-44.128,-40.894
-1.706,0.285,1.144,60.181,-54.016,-32.654
-1.685,0.300,1.109,58.472,-63.904,-26.978
-1.672,0.310,1.087,55.298,-72.693,-25.818
-1.644,0.318,1.069,51.270,-79.529,-31.128
-1.562,0.328,1.074,47.180,-84.717,-39.856
-1.494,0.359,1.076,42.053,-90.454,-43.823
-1.425,0.377,1.074,37.048,-97.290,-38.452
-1.368,0.391,1.071,33.081,-104.614,-29.236
-1.337,0.400,1.068,28.809,-111.694,-22.034
-1.271,0.383,1.060,23.071,-118.347,-19.287
-1.219,0.362,1.031,15.930,-124.146,-18.005
-1.153,0.340,1.001,9.705,-128.174,-15.869
-1.082,0.333,0.980,4.883,-131.409,-13.123
-1.036,0.330,0.958,0.427,-134.399,-10.437
-0.961,0.319,0.937,-3.113,-136.047,-9.338
-0.883,0.311,0.916,-4.944,-136.475,-7.874
-0.819,0.324,0.888,-5.371,-135.742,-5.798
-0.740,0.318,0.874,-5.493,-134.460,-4.150
-0.671,0.327,0.850,-6.348,-132.263,0.793
-0.609,0.313,0.833,-7.324,-129.517,7.690
-0.557,0.291,0.824,-7.812,-127.563,12.695
-0.506,0.288,0.818,-9.155,-124.939,16.235
-0.442,0.285,0.802,-12.207,-121.582,17.090
-0.368,0.278,0.776,-17.090,-117.065,14.709
-0.283,0.267,0.744,-22.400,-112.000,12.207
-0.205,0.225,0.697,-26.978,-106.323,10.010
-0.123,0.168,0.643,-30.396,-100.525,8.179
-0.042,0.124,0.584,-30.884,-94.299,8.362
0.023,0.104,0.525,-28.931,-87.036,9.216
0.084,0.092,0.469,-27.710,-78.125,7.507
0.154,0.061,0.414,-28.320,-66.956,2.625
0.264,0.026,0.359,-31.250,-53.833,-4.761
0.326,0.017,0.300,-35.583,-39.490,-13.062
0.386,0.024,0.256,-38.940,-22.644,-23.071
0.449,0.038,0.231,-42.969,-4.089,-35.461
0.493,0.047,0.211,-49.805,15.869,-50.232
0.544,0.034,0.189,-58.594,37.720,-66.895
0.554,0.038,0.175,-66.895,59.814,-82.642
0.571,0.066,0.179,-72.510,81.848,-96.313
0.606,0.103,0.194,-76.050,103.333,-107.849
0.633,0.157,0.224,-80.505,122.375,-116.638
0.657,0.223,0.260,-87.280,140.564,-124.512
0.688,0.292,0.298,-96.069,157.410,-132.874
0.742,0.366,0.327,-106.445,172.485,-138.123
0.801,0.396,0.367,-114.258,185.303,-138.367
0.854,0.401,0.386,-115.540,196.716,-132.263
0.899,0.453,0.425,-108.276,206.421,-120.361
0.987,0.537,0.512,-93.506,215.210,-97.534
1.031,0.613,0.658,-74.646,220.520,-61.523
0.985,0.659,0.856,-58.777,221.069,-15.381
0.831,0.623,1.068,-46.082,220.886,35.645
0.529,0.481,1.334,-40.894,222.229,87.402
0.130,0.241,1.625,-41.992,223.267,129.395
-0.325,-0.078,1.916,-46.387,220.154,153.687
-0.761,-0.333,2.122,-49.377,213.806,161.987
-1.146,-0.496,2.269,-46.021,204.956,164.001
-1.431,-0.509,2.345,-39.185,193.359,161.316
-1.698,-0.481,2.364,-32.715,175.049,151.062
-1.923,-0.472,2.339,-28.381,152.954,140.381
-2.051,-0.477,2.251,-28.137,130.554,129.211
-2.123,-0.468,2.107,-29.724,110.413,109.558
-2.135,-0.379,2.051,-36.560,92.224,75.806
-1.926,-0.250,1.912,-53.406,70.068,28.259
-1.774,-0.346,1.765,-56.946,59.753,9.949
-1.768,-0.373,1.644,-58.472,44.678,17.944
-1.676,-0.393,1.574,-48.401,33.020,22.705
-1.621,-0.325,1.538,-34.363,20.020,30.640
-1.528,-0.250,1.484,-19.775,6.104,38.574
-1.368,-0.214,1.395,-10.132,-5.249,45.349
-1.229,-0.203,1.289,-5.249,-16.113,48.279
-1.093,-0.175,1.188,-3.906,-26.611,44.006
-0.962,-0.185,1.094,-1.465,-34.180,35.217
-0.814,-0.140,0.989,-1.404,-38.147,29.419
-0.682,-0.138,0.906,2.075,-40.771,26.917
-0.590,-0.103,0.839,2.991,-42.358,28.015
-0.502,-0.051,0.802,4.150,-41.565,29.236
-0.448,-0.018,0.790,5.005,-39.734,26.489
-0.413,0.011,0.783,4.028,-37.170,19.592
-0.386,0.051,0.782,1.831,-34.119,11.536
-0.344,0.087,0.781,0.610,-30.396,5.493
-0.307,0.118,0.774,-0.671,-26.550,1.343
-0.293,0.131,0.773,-0.793,-23.376,-0.549
-0.287,0.152,0.774,-0.183,-20.813,-1.221
-0.278,0.169,0.780,0.732,-18.311,-1.526
-0.278,0.192,0.791,1.343,-15.808,-2.258
-0.294,0.203,0.801,1.343,-13.489,-3.052
-0.300,0.198,0.803,1.526,-12.146,-3.296
-0.307,0.199,0.796,2.808,-11.292,-1.038
-0.324,0.208,0.796,4.700,-9.766,3.662
-0.360,0.216,0.808,5.554,-7.568,6.592
-0.404,0.211,0.822,4.700,-4.517,7.141
-0.445,0.183,0.837,2.747,-1.343,5.859
-0.482,0.152,0.853,1.770,1.465,3.540
-0.511,0.158,0.867,2.563,3.601,1.587
1.429,-1.218,-0.516,54.138,95.520,-48.279
1.499,-1.318,-0.459,72.876,140.259,-67.505
1.562,-1.347,-0.260,94.666,192.749,-78.735
1.524,-1.268,0.132,123.352,244.873,-87.402
1.323,-1.007,0.714,149.780,288.818,-87.036
0.911,-0.581,1.270,158.020,316.589,-78.979
0.440,-0.385,1.839,151.489,319.946,-76.233
0.032,-0.168,2.272,131.714,308.105,-78.857
-0.422,-0.071,2.584,110.352,284.119,-81.970
-0.733,-0.003,2.803,98.389,252.197,-81.482
-0.990,0.054,2.938,99.426,220.642,-74.890
-1.236,0.203,3.000,106.506,191.345,-63.049
-1.406,0.454,2.981,112.610,166.931,-51.331
-1.535,0.653,2.860,113.037,144.043,-42.480
-1.652,0.740,2.663,104.919,122.070,-40.955
-1.750,0.728,2.426,89.417,98.816,-56.702
-1.719,0.667,2.190,69.824,74.890,-86.243
-1.701,0.550,1.946,52.734,52.612,-104.431
-1.693,0.456,1.704,43.823,33.569,-100.464
-1.689,0.384,1.529,42.969,15.808,-86.243
-1.693,0.389,1.411,46.143,-0.427,-69.397
-1.688,0.436,1.332,49.622,-13.672,-49.866
-1.660,0.450,1.263,52.734,-24.780,-29.480
-1.646,0.441,1.193,54.260,-35.339,-11.108
-1.662,0.420,1.124,57.556,-43.335,3.906
-1.669,0.409,1.061,61.401,-47.424,12.573
-1.646,0.404,1.041,64.331,-47.363,8.301
-1.590,0.407,1.054,63.293,-45.837,-2.563
-1.540,0.452,1.081,54.749,-46.936,-12.268
-1.520,0.488,1.124,41.504,-52.795,-21.545
-1.495,0.484,1.174,26.733,-64.026,-34.607
-1.445,0.448,1.186,12.451,-78.003,-45.654
-1.341,0.406,1.160,3.906,-90.942,-43.640
-1.236,0.381,1.109,0.732,-102.417,-30.701
-1.182,0.359,1.054,1.526,-111.633,-14.954
-1.112,0.309,1.010,2.441,-117.249,-4.028
-1.076,0.291,0.977,1.160,-119.812,0.488
-1.018,0.327,0.951,-2.930,-118.347,-0.488
-0.945,0.347,0.922,-11.292,-115.234,-3.967
-0.875,0.330,0.895,-20.752,-112.305,-6.775
-0.809,0.286,0.883,-27.222,-109.192,-6.531
-0.795,0.223,0.891,-30.701,-107.483,-3.113
-0.785,0.169,0.912,-31.860,-107.178,1.648
-0.762,0.148,0.937,-30.884,-107.849,6.165
-0.733,0.165,0.961,-30.273,-109.619,10.498
-0.673,0.165,0.977,-29.907,-110.413,14.954
-0.644,0.180,0.985,-30.701,-111.023,20.752
-0.610,0.193,0.983,-30.640,-111.572,27.161
-0.555,0.194,0.958,-30.518,-112.610,31.311
-0.491,0.178,0.918,-29.968,-112.854,34.546
-0.425,0.165,0.868,-29.297,-111.877,37.415
-0.366,0.147,0.814,-30.579,-109.253,37.415
-0.293,0.107,0.757,-33.264,-104.858,34.058
-0.220,0.047,0.695,-36.316,-99.365,29.602
-0.164,-0.025,0.644,-37.964,-93.506,26.123
-0.121,-0.067,0.591,-39.001,-86.792,22.522
-0.068,-0.112,0.546,-38.879,-79.712,18.066
-0.006,-0.111,0.510,-38.391,-71.899,12.634
0.080,-0.110,0.478,-38.940,-62.622,6.165
0.132,-0.107,0.445,-40.466,-52.673,-1.099
0.189,-0.112,0.418,-42.114,-41.138,-9.644
0.232,-0.136,0.392,-43.640,-29.297,-19.226
0.268,-0.187,0.371,-44.861,-16.785,-30.579
0.304,-0.219,0.353,-46.875,-3.418,-45.959
0.318,-0.226,0.318,-49.744,11.230,-62.195
0.353,-0.199,0.291,-54.382,27.039,-77.698
0.386,-0.148,0.261,-61.523,42.786,-94.299
0.436,-0.101,0.216,-72.144,60.181,-114.258
0.471,-0.087,0.174,-84.290,78.003,-134.277
0.508,-0.082,0.137,-95.886,96.741,-152.039
0.570,-0.077,0.107,-104.553,116.821,-168.396
0.642,-0.025,0.089,-108.398,137.085,-182.312
0.743,0.090,0.071,-107.422,157.654,-192.322
0.853,0.222,0.060,-102.356,177.185,-197.510
0.968,0.381,0.089,-92.041,194.824,-194.214
1.047,0.575,0.177,-76.477,211.182,-176.208
1.030,0.793,0.317,-59.082,225.891,-140.930
0.943,0.902,0.541,-43.152,240.784,-93.689
0.735,0.840,0.842,-31.372,249.695,-41.992
0.469,0.723,1.155,-25.452,253.967,4.395
0.156,0.555,1.485,-18.921,255.371,39.673
-0.250,0.380,1.814,-16.052,251.709,66.223
-0.572,0.316,2.107,-19.165,244.812,90.027
-0.843,0.276,2.306,-19.775,229.919,109.192
-1.174,0.191,2.418,-14.526,205.750,120.850
-1.445,0.112,2.433,-11.780,177.673,127.197
-1.619,0.047,2.356,-11.597,150.391,129.944
-1.739,-0.031,2.230,-11.719,124.207,128.296
-1.811,-0.082,2.074,-11.047,101.685,121.582
-1.840,-0.097,1.936,-9.583,83.435,106.873
-1.790,-0.088,1.831,-11.963,69.946,84.290
-1.759,-0.051,1.797,-20.569,58.655,55.603
-1.619,0.058,1.656,-38.879,43.274,21.667
-1.446,-0.049,1.539,-43.640,37.903,4.211
-1.403,-0.049,1.435,-44.861,28.259,7.996
-1.356,-0.090,1.382,-38.147,21.729,16.418
-1.331,-0.100,1.352,-27.100,13.672,27.039
-1.283,-0.111,1.318,-13.916,1.160,37.537
-1.182,-0.104,1.264,-3.174,-11.719,47.241
-1.068,-0.081,1.196,4.578,-24.536,52.185
-0.931,-0.036,1.120,7.690,-33.752,51.270
-0.779,-0.010,1.009,8.728,-39.307,43.823
-0.650,-0.014,0.910,8.728,-42.297,31.616
-0.510,-0.004,0.829,5.066,-40.894,22.644
-0.425,0.049,0.763,0.671,-37.476,17.456
-0.370,0.063,0.733,-1.099,-32.837,14.954
-0.312,0.101,0.729,-0.854,-28.137,10.315
-0.274,0.134,0.736,1.770,-23.804,5.981
-0.252,0.164,0.746,5.066,-19.592,4.761
-0.250,0.189,0.761,8.057,-15.930,4.456
-0.247,0.212,0.778,10.437,-13.123,3.540
-0.230,0.233,0.801,11.780,-10.681,3.174
-0.243,0.261,0.824,11.658,-8.301,3.296
-0.259,0.284,0.840,9.399,-5.615,1.770
-0.266,0.287,0.849,6.348,-3.235,-1.709
-0.275,0.291,0.857,4.089,-1.038,-4.272
-0.294,0.297,0.866,3.052,0.977,-4.700
-0.318,0.294,0.871,2.258,2.380,-3.662
-0.346,0.279,0.872,2.197,3.601,-2.136
1.221,-1.292,-0.246,73.303,77.393,-70.251
1.330,-1.212,-0.122,98.083,131.592,-89.050
1.320,-1.154,0.176,124.451,186.523,-96.313
1.157,-0.985,0.644,150.574,237.305,-94.055
0.796,-0.689,1.151,165.283,275.635,-84.656
0.391,-0.406,1.653,168.701,295.776,-80.200
-0.031,-0.156,2.075,159.607,297.852,-84.595
-0.434,0.007,2.407,144.531,285.034,-95.825
-0.722,0.170,2.630,125.793,260.498,-105.103
-0.896,0.265,2.766,116.333,230.347,-104.309
-1.044,0.357,2.822,116.516,197.266,-91.431
-1.199,0.427,2.823,121.277,164.490,-70.251
-1.327,0.505,2.740,122.070,136.719,-49.316
-1.452,0.572,2.578,117.371,113.403,-38.269
-1.543,0.624,2.372,106.934,92.834,-44.617
-1.572,0.661,2.150,88.135,73.364,-68.970
-1.557,0.616,1.953,65.796,55.481,-97.473
-1.543,0.506,1.761,46.875,40.710,-113.586
-1.534,0.395,1.595,35.034,27.283,-113.342
-1.542,0.334,1.484,34.180,14.160,-101.318
-1.538,0.324,1.417,40.100,1.404,-83.740
-1.556,0.335,1.376,46.814,-10.315,-64.270
-1.569,0.330,1.342,51.086,-22.522,-46.143
-1.588,0.317,1.314,53.955,-34.363,-31.372
-1.594,0.306,1.280,55.664,-44.800,-19.287
-1.590,0.310,1.249,57.007,-53.406,-12.512
-1.574,0.313,1.224,57.007,-60.791,-13.855
-1.508,0.302,1.219,55.725,-66.711,-22.278
-1.419,0.332,1.202,51.270,-71.045,-32.837
-1.335,0.365,1.187,44.739,-76.904,-40.161
-1.262,0.376,1.180,38.330,-84.595,-41.504
-1.202,0.386,1.178,33.081,-93.323,-36.682
-1.155,0.405,1.175,27.649,-102.661,-30.823
-1.094,0.415,1.161,20.386,-111.389,-25.513
-1.018,0.419,1.138,13.062,-118.225,-20.508
-0.931,0.425,1.094,6.042,-123.108,-13.916
-0.853,0.412,1.045,0.671,-125.671,-5.981
-0.787,0.353,1.018,-2.441,-127.441,-1.526
-0.740,0.333,1.003,-3.601,-127.014,-1.343
-0.691,0.363,0.992,-6.104,-123.352,-3.113
-0.621,0.376,0.982,-10.925,-117.126,-5.798
-0.572,0.348,0.984,-17.761,-111.084,-10.193
-0.540,0.326,0.998,-25.208,-105.408,-15.259
-0.505,0.328,0.998,-32.349,-99.976,-19.287
-0.485,0.321,0.978,-38.147,-96.436,-20.569
-0.424,0.259,0.974,-40.649,-94.727,-18.677
-0.379,0.203,0.961,-39.795,-95.581,-13.855
-0.377,0.170,0.954,-39.368,-99.182,-6.165
-0.314,0.160,0.926,-37.842,-101.013,2.075
-0.260,0.133,0.882,-36.682,-102.417,7.751
-0.199,0.098,0.837,-36.926,-102.539,9.583
-0.118,0.080,0.780,-39.307,-99.060,8.789
-0.060,0.016,0.727,-41.626,-94.116,5.615
-0.012,-0.040,0.667,-44.800,-87.402,1.099
0.055,-0.077,0.594,-49.255,-79.346,-4.700
0.126,-0.109,0.511,-52.856,-71.899,-10.620
0.186,-0.142,0.436,-55.786,-65.369,-15.381
0.263,-0.178,0.377,-56.824,-58.044,-17.883
0.310,-0.183,0.323,-56.641,-49.316,-19.165
0.299,-0.188,0.290,-57.373,-40.039,-21.851
0.311,-0.169,0.253,-60.791,-27.954,-28.503
0.346,-0.167,0.227,-67.566,-13.428,-38.147
0.354,-0.156,0.186,-76.843,2.502,-50.476
0.356,-0.134,0.147,-87.952,21.484,-64.209
0.381,-0.097,0.114,-99.060,43.030,-81.421
0.427,-0.036,0.107,-107.666,65.796,-102.295
0.486,0.053,0.110,-113.831,89.722,-124.329
0.546,0.155,0.130,-118.286,113.647,-140.991
0.618,0.250,0.128,-120.911,135.620,-149.658
0.723,0.351,0.150,-119.019,155.518,-151.367
0.849,0.488,0.184,-112.976,172.729,-145.935
0.929,0.665,0.217,-106.079,185.181,-132.629
1.009,0.825,0.252,-96.008,195.251,-112.671
1.120,0.936,0.321,-81.177,207.520,-82.336
1.134,0.968,0.456,-64.392,221.680,-40.100
0.996,0.891,0.727,-48.096,234.009,11.902
0.644,0.677,1.091,-29.175,241.821,67.200
0.189,0.472,1.485,-13.611,246.033,116.089
-0.396,0.207,1.873,-9.888,242.371,150.879
-0.943,-0.048,2.183,-15.564,229.431,169.922
-1.454,-0.220,2.335,-22.034,209.778,177.490
-1.721,-0.192,2.354,-30.823,187.988,172.791
-1.838,-0.165,2.266,-37.048,161.865,149.231
-1.857,-0.240,2.159,-40.588,136.963,118.469
-1.884,-0.327,2.048,-47.485,116.272,95.398
-1.933,-0.380,1.951,-46.509,99.243,76.843
-1.939,-0.361,1.878,-42.542,84.045,53.833
-1.839,-0.262,1.793,-43.335,69.092,25.635
-1.665,-0.182,1.736,-46.631,55.298,1.282
-1.633,-0.101,1.598,-53.040,38.025,-14.404
-1.381,-0.119,1.494,-53.284,25.879,-27.039
-1.212,-0.067,1.393,-46.814,13.733,-19.226
-1.068,-0.005,1.300,-38.452,4.333,-6.226
-0.950,0.026,1.241,-26.062,-1.221,5.920
-0.867,0.060,1.187,-16.418,-5.676,15.686
-0.813,0.024,1.130,-8.545,-10.376,23.254
-0.732,0.002,1.074,-1.770,-14.099,29.968
-0.713,-0.006,1.017,3.723,-18.127,36.011
-0.654,0.021,0.972,4.822,-19.836,40.222
-0.620,0.044,0.925,5.432,-20.630,40.222
-0.575,0.065,0.879,3.601,-20.630,34.790
-0.528,0.082,0.840,1.465,-19.531,26.611
-0.479,0.111,0.814,0.061,-17.883,18.860
-0.430,0.141,0.796,-0.366,-15.808,13.367
-0.379,0.169,0.782,-0.061,-14.099,9.949
-0.383,0.167,0.773,2.686,-12.695,8.179
-0.358,0.210,0.781,5.066,-10.010,8.423
-0.357,0.224,0.798,6.531,-7.324,8.789
-0.360,0.224,0.818,7.996,-5.432,7.812
-0.371,0.229,0.846,9.338,-4.150,6.165
-0.396,0.245,0.865,10.315,-3.906,4.456
-0.389,0.270,0.875,9.827,-3.784,2.197
-0.374,0.287,0.881,7.935,-3.540,-0.977
-0.381,0.292,0.882,4.822,-2.808,-3.662
-0.392,0.278,0.880,1.221,-1.648,-6.104
-0.406,0.263,0.877,-0.549,-0.488,-8.728
-0.414,0.250,0.880,-0.244,-0.427,-8.789
-0.420,0.259,0.883,1.587,-0.793,-5.127
-0.432,0.275,0.892,3.235,-0.977,-1.221
1.273,-1.160,-0.660,63.782,-7.874,-1.038
1.564,-1.253,-0.795,78.857,57.434,-28.320
1.719,-1.304,-0.752,98.938,129.883,-56.763
1.748,-1.326,-0.468,131.226,207.947,-74.036
1.672,-1.281,0.135,171.692,283.447,-79.529
1.443,-1.048,0.890,202.820,347.595,-72.021
0.961,-0.634,1.582,208.557,386.963,-61.584
0.469,-0.372,2.149,194.397,399.170,-66.772
0.105,-0.146,2.528,162.781,386.536,-85.510
-0.217,-0.015,2.776,129.272,352.356,-106.384
-0.472,0.043,2.890,106.934,305.969,-120.300
-0.593,0.056,2.921,93.689,258.179,-117.249
-0.709,0.086,2.837,85.999,214.111,-93.933
-0.803,0.095,2.706,87.891,175.842,-63.110
-0.891,0.130,2.577,95.703,146.301,-35.767
-1.065,0.283,2.451,102.173,127.075,-13.367
-1.298,0.434,2.365,104.675,118.347,-6.897
-1.510,0.555,2.325,95.703,111.511,-29.236
-1.601,0.604,2.305,74.707,103.516,-71.045
-1.674,0.568,2.235,49.988,93.079,-104.004
-1.752,0.495,2.119,31.006,78.674,-116.577
-1.818,0.426,1.987,24.048,58.594,-115.234
-1.857,0.427,1.854,27.344,33.752,-105.347
-1.859,0.474,1.734,35.461,6.958,-86.670
-1.814,0.537,1.617,42.786,-17.883,-64.392
-1.773,0.585,1.491,44.128,-39.795,-43.823
-1.739,0.600,1.369,42.053,-56.580,-29.480
-1.691,0.596,1.238,38.452,-66.833,-20.386
-1.656,0.567,1.161,34.790,-71.289,-19.653
-1.625,0.512,1.147,33.875,-73.425,-29.846
-1.553,0.491,1.163,31.494,-73.853,-41.321
-1.503,0.518,1.183,26.001,-75.684,-46.082
-1.474,0.536,1.208,20.020,-80.200,-46.021
-1.434,0.524,1.261,13.611,-87.646,-45.532
-1.366,0.484,1.299,7.019,-96.680,-45.898
-1.306,0.471,1.308,-1.770,-107.727,-44.434
-1.222,0.452,1.284,-8.240,-117.676,-40.283
-1.106,0.416,1.246,-12.756,-126.465,-34.546
-1.026,0.385,1.199,-16.418,-133.484,-27.039
-0.946,0.352,1.169,-18.982,-138.489,-19.592
-0.877,0.341,1.133,-21.057,-141.235,-14.343
-0.815,0.314,1.108,-23.376,-142.456,-13.062
-0.744,0.279,1.073,-26.611,-142.517,-14.099
-0.700,0.232,1.044,-28.748,-142.151,-15.991
-0.616,0.206,1.018,-29.541,-139.709,-15.442
-0.539,0.209,0.993,-29.480,-138.916,-12.939
-0.455,0.216,0.966,-31.433,-137.878,-7.263
-0.405,0.219,0.928,-33.020,-136.719,-1.953
-0.350,0.219,0.891,-35.034,-134.766,2.075
-0.295,0.196,0.860,-36.377,-131.348,5.615
-0.240,0.212,0.823,-39.063,-126.892,7.996
-0.195,0.216,0.790,-42.297,-121.216,8.362
-0.155,0.212,0.752,-48.035,-114.502,5.798
-0.113,0.185,0.701,-54.993,-106.628,1.526
-0.058,0.138,0.641,-60.425,-98.511,-1.648
-0.003,0.089,0.585,-62.317,-90.881,-2.625
0.057,0.028,0.531,-60.364,-83.740,-1.099
0.110,-0.026,0.477,-56.030,-76.233,2.991
0.163,-0.053,0.415,-50.842,-68.359,6.165
0.212,-0.056,0.352,-46.753,-58.411,6.470
0.252,-0.031,0.278,-46.448,-45.776,1.648
0.275,-0.017,0.220,-51.086,-29.358,-9.705
0.331,-0.005,0.192,-61.401,-10.681,-25.146
0.333,-0.014,0.163,-72.266,6.653,-42.053
0.310,-0.029,0.147,-82.092,23.621,-60.547
0.345,-0.052,0.128,-94.177,41.199,-78.369
0.352,-0.080,0.114,-103.577,57.617,-93.994
0.374,-0.086,0.109,-109.009,72.205,-107.361
0.460,-0.056,0.116,-108.398,85.205,-117.554
0.571,0.025,0.105,-105.103,95.581,-122.864
0.700,0.124,0.099,-102.661,103.210,-124.451
0.883,0.203,0.034,-98.816,111.938,-122.314
1.057,0.251,-0.038,-92.224,121.887,-117.249
1.211,0.276,-0.093,-81.970,134.460,-109.009
1.411,0.337,-0.135,-67.017,155.334,-96.130
1.604,0.434,-0.121,-52.063,181.702,-73.975
1.597,0.484,0.004,-36.865,207.275,-44.373
1.505,0.553,0.208,-25.330,237.671,-10.681
1.302,0.585,0.537,-18.311,267.822,24.902
0.871,0.462,1.001,-12.451,287.415,59.998
0.385,0.246,1.504,-12.146,297.424,90.698
-0.150,-0.030,1.987,-17.761,297.119,112.366
-0.655,-0.178,2.403,-24.841,289.368,127.014
-1.150,-0.222,2.712,-25.635,271.667,134.094
-1.634,-0.231,2.898,-15.503,242.004,132.263
-1.972,-0.198,2.933,-7.446,206.421,125.305
-2.141,-0.161,2.847,-5.981,168.884,115.051
-2.151,-0.110,2.677,-5.737,133.911,104.553
-2.052,-0.039,2.486,-5.798,105.103,96.436
-1.945,0.118,2.285,-7.263,82.153,85.327
-2.009,0.128,2.174,-9.644,65.674,67.139
-1.796,0.293,2.027,-27.039,46.326,22.949
-1.607,0.179,1.889,-37.476,37.842,-5.066
-1.612,0.138,1.722,-42.603,24.841,6.836
-1.524,0.043,1.590,-42.480,15.076,18.738
-1.421,0.009,1.494,-35.889,5.798,24.597
-1.335,-0.000,1.422,-24.963,-5.981,30.396
-1.238,0.030,1.316,-15.320,-17.334,39.124
-1.112,0.012,1.210,-7.935,-25.879,45.898
-0.962,0.000,1.115,-3.174,-31.372,48.218
-0.848,0.012,1.025,0.183,-35.156,46.326
-0.797,-0.016,0.954,5.005,-37.842,39.734
-0.682,-0.004,0.896,2.563,-36.804,33.569
-0.580,-0.002,0.839,-1.831,-34.607,29.480
-0.516,0.021,0.789,-4.211,-32.715,24.902
-0.461,0.032,0.755,-5.554,-29.968,18.555
-0.403,0.056,0.744,-6.592,-26.550,10.376
-0.365,0.080,0.751,-6.226,-23.865,3.418
-0.311,0.116,0.755,-4.822,-21.790,1.770
-0.294,0.143,0.759,-2.258,-20.996,2.319
-0.266,0.180,0.769,-0.671,-19.714,2.136
-0.244,0.207,0.780,-0.244,-18.005,0.549
-0.228,0.226,0.792,0.244,-16.907,-2.319
-0.210,0.258,0.797,0.671,-15.320,-3.418
-0.196,0.285,0.795,1.282,-13.489,-2.808
-0.186,0.305,0.789,1.465,-10.742,-1.831
-0.181,0.319,0.787,0.671,-6.348,-2.258
-0.224,0.306,0.795,-0.122,-1.221,-3.784
-0.248,0.313,0.806,-2.869,4.639,-5.798
